agency,pathway,id,date,year,crop,description,source_url,status
EPA,Section 3 PIP registration,epa-pip-row-19,1995,1995,Corn,Cry1Ab in event 176(PC code: 006458),https://www3.epa.gov/pesticides/chem_search/reg_actions/pip/bt_brad.htm,Canceled(2003)
EPA,Section 3 PIP registration,epa-pip-row-37,1995,1995,Cotton,Cry1Ac in event MON 531(PC code: 006445,https://www3.epa.gov/pesticides/chem_search/reg_actions/pip/bt_brad.htm,Active
EPA,Section 3 PIP registration,epa-pip-row-51,1995,1995,Potato,Cry3A in New Leaf Potato(PC code: 006432),https://www3.epa.gov/pesticides/chem_search/reg_actions/pip/bt_brad.htm,Active
EPA,Section 3 PIP registration,epa-pip-row-20,1996,1996,Corn,Cry1Ab in event MON 810 (PDF)(PC code: 006526),https://www3.epa.gov/pesticides/chem_search/reg_actions/pip/cry1f-cry1ab-brad.pdf,Active
EPA,Section 3 PIP registration,epa-pip-row-21,1996,1996,Corn,Cry1Ab in event MON 801(PC code: 006408),https://www3.epa.gov/pesticides/chem_search/reg_actions/pip/bt_brad.htm,Canceled(1998)
EPA,Section 3 PIP registration,epa-pip-row-22,1996,1996,Corn,Cry1Ab in event Bt11 (PDF)(PC code: 006461),https://www3.epa.gov/pesticides/chem_search/reg_actions/pip/cry1f-cry1ab-brad.pdf,Active
EPA,Section 3 PIP registration,epa-pip-row-23,1997,1997,Corn,Cry1Ac in event DBT 418(PC code: 006463),https://www3.epa.gov/pesticides/chem_search/cleared_reviews/csr_PC-006463_24-Mar-97_001.pdf,Canceled(2000)
EPA,Section 3 PIP registration,epa-pip-row-24,1998,1998,Corn,Cry9C in event CBH 351(PC code: 006466),https://www3.epa.gov/pesticides/chem_search/reg_actions/pip/starlink_corn.htm,Canceled (2001)
EPA,Section 3 PIP registration,epa-pip-row-52,1998,1998,Potato,Replicase for potato leaf roll virus(PC code: 006469,https://www3.epa.gov/pesticides/chem_search/reg_actions/registration/related_PC-006469_1-Apr-00.pdf,Active
EPA,Section 3 PIP registration,epa-pip-row-25,2001,2001,Corn,Cry1F in event TC1507(PC code: 006481),https://www3.epa.gov/pesticides/chem_search/reg_actions/pip/cry1f-cry1ab-brad.pdf,Active
EPA,Section 3 PIP registration,epa-pip-row-38,2002,2002,Cotton,Cry1Ac in event MON 15985(PC code: 006445),https://www3.epa.gov/pesticides/chem_search/reg_actions/registration/decision_PC-006487_4-Mar-03.pdf,Active
EPA,Section 3 PIP registration,epa-pip-row-39,2002,2002,Cotton,Cry2Ab2 in event MON 15985(PC code 006487),https://www3.epa.gov/pesticides/chem_search/reg_actions/registration/decision_PC-006487_4-Mar-03.pdf,Active
EPA,Section 3 PIP registration,epa-pip-row-26,2003,2003,Corn,Cry3Bb1 in event MON 863(PC code: 006484),https://www3.epa.gov/pesticides/chem_search/reg_actions/pip/cry3bb1-brad.pdf,Canceled(2010)
EPA,Section 3 PIP registration,epa-pip-row-40,2004,2004,Cotton,Cry1F in event DAS-21023-5(PC code: 006512),https://www3.epa.gov/pesticides/chem_search/reg_actions/registration/decision_PC-006512_1-Sep-05.pdf,Active
EPA,Section 3 PIP registration,epa-pip-row-41,2004,2004,Cotton,Cry1Ac in event DAS-24236-5(PC code: 006513),https://www3.epa.gov/pesticides/chem_search/reg_actions/registration/decision_PC-006512_1-Sep-05.pdf,Active
EPA,Section 3 PIP registration,epa-pip-row-27,2005,2005,Corn,moCry1F in event DAS-06275-8(PC code: 006491),https://www3.epa.gov/pesticides/chem_search/reg_actions/registration/decision_PC-006491_1-Sep-10.pdf,Active
EPA,Section 3 PIP registration,epa-pip-row-28,2005,2005,Corn,Cry34/35 in event 59122-7(PC code: 006490),https://www3.epa.gov/pesticides/chem_search/reg_actions/pip/cry3435ab1-brad.pdf,Active
EPA,Section 3 PIP registration,epa-pip-row-29,2005,2005,Corn,Cry3Bb1 in event MON 88017(PC code: 006498),https://www3.epa.gov/pesticides/chem_search/reg_actions/pip/cry3bb1-brad.pdf,Active
EPA,Section 3 PIP registration,epa-pip-row-30,2006,2006,Corn,mCry3A in Event MIR 604(PC code: 006509),https://www3.epa.gov/pesticides/chem_search/reg_actions/pip/mcry3a-brad.pdf,Active
EPA,Section 3 PIP registration,epa-pip-row-31,2008,2008,Corn,Cry1A.105 in event MON 89034(PC code: 006514),https://www3.epa.gov/pesticides/chem_search/reg_actions/pip/mon-89034-brad.pdf,Active
EPA,Section 3 PIP registration,epa-pip-row-32,2008,2008,Corn,Cry2Bb2 in event MON 89034(PC code: 006515),https://www3.epa.gov/pesticides/chem_search/reg_actions/pip/mon-89034-brad.pdf,Active
EPA,Section 3 PIP registration,epa-pip-row-33,2008,2008,Corn,Vip3Aa20 in event MIR 162(PC code: 006599),https://www3.epa.gov/pesticides/chem_search/reg_actions/registration/decision_PC-006599_3-Apr-09.pdf,Active
EPA,Section 3 PIP registration,epa-pip-row-42,2008,2008,Cotton,Vip3Aa19 in event COT102(PC code: 016484),https://www3.epa.gov/pesticides/chem_search/reg_actions/registration/decision_PC-006529_12-Aug-08.pdf,Active
EPA,Section 3 PIP registration,epa-pip-row-43,2008,2008,Cotton,FLCry1Ab in event COT67B(PC code: 016486),https://www3.epa.gov/pesticides/chem_search/reg_actions/registration/decision_PC-006529_12-Aug-08.pdf,Active
EPA,Section 3 PIP registration,epa-pip-row-46,2010,2010,Soybean,Cry1Ac in event MON 87701(PC code: 006532),https://www3.epa.gov/pesticides/chem_search/reg_actions/pip/bt-cry1ac-protien.pdf,Active
EPA,Section 3 PIP registration,epa-pip-row-53,2010,2010,Plum,C5 Honeysweet plum (plum pox viral coat protein gene)(PC code: 006354),https://www3.epa.gov/pesticides/chem_search/reg_actions/registration/decision_PC-006354_7-May-10.pdf,Active
EPA,Section 3 PIP registration,epa-pip-row-34,2012,2012,Corn,eCry3.1Ab in event 5307(PC code: 016483),https://www.regulations.gov/document?D=EPA-HQ-OPP-2012-0108-0010,Active
EPA,Section 3 PIP registration,epa-pip-row-44,2012,2012,Cotton,Cry1Ab in event T304-40(PC code: 006525),https://www.regulations.gov/document?D=EPA-HQ-OPP-2011-0988-0008,Active
EPA,Section 3 PIP registration,epa-pip-row-45,2012,2012,Cotton,Cry2Ae in event GHB119(PC code: 006600),https://www.regulations.gov/document?D=EPA-HQ-OPP-2011-0988-0008,Active
EPA,Section 3 PIP registration,epa-pip-row-47,2014,2014,Soybean,Cry1Ac in event DAS 81419 (PC code: 006527),https://www.regulations.gov/document?D=EPA-HQ-OPP-2013-0703-0003,Active
EPA,Section 3 PIP registration,epa-pip-row-48,2014,2014,Soybean,Cry1F in event DAS 81419 (PC code: 006528),https://www.regulations.gov/document?D=EPA-HQ-OPP-2013-0703-0003,Active
EPA,Section 3 PIP registration,epa-pip-row-35,2015,2015,Corn,Cry3Bb1 in event MON 87411(PC code: 006580),https://www.regulations.gov/document?D=EPA-HQ-OPP-2014-0293-0398,Active
EPA,Section 3 PIP registration,epa-pip-row-36,2015,2015,Corn,DvSnf7 in event MON 87411(PC code: 006566),https://www.regulations.gov/document?D=EPA-HQ-OPP-2014-0293-0407,Active
EPA,Section 3 PIP registration,epa-pip-row-49,2015,2015,Soybean,Cry1A.105 in event MON 87751(PC code: 006614,https://www.regulations.gov/document?D=EPA-HQ-OPP-2014-0456-0008,Active
EPA,Section 3 PIP registration,epa-pip-row-50,2015,2015,Soybean,Cry2Ab2 in event MON 87751(PC code: 006615),https://www.regulations.gov/document?D=EPA-HQ-OPP-2014-0456-0008,Active
EPA,Section 3 PIP registration,epa-pip-row-54,2016,2016,Papaya,X17-2 papaya (ringspot virus resistance gene)(PC code: 006701),https://www.regulations.gov/document?D=EPA-HQ-OPP-2015-0418-0005,Active
EPA,Section 3 PIP registration,epa-pip-row-18,2017,2017,Potato,VNT1 in potato(PC code: 006355),https://www.regulations.gov/document/EPA-HQ-OPP-2016-0036-0013,Active
EPA,Section 3 PIP registration,epa-pip-row-17,2018,2018,Cotton,Cry51Aa2.834_16 in MON 88702(PC Code: 006999),https://www.regulations.gov/document?D=EPA-HQ-OPP-2017-0402-0007,Active
EPA,Section 3 PIP registration,epa-pip-row-16,2020,2020,Soybean,Cry14Ab-1 and the Genetic Material Necessary for its production (vector pSZ8832)(PC Code: 006609),https://www.regulations.gov/document?D=EPA-HQ-OPP-2019-0142-0007,Active
EPA,Section 3 PIP registration,epa-pip-row-11,2024,2024,Corn,Cry1B.868 in Event MON 95379 (PC Code 006567),https://www.regulations.gov/document/EPA-HQ-OPP-2020-0547-0008,Active
EPA,Section 3 PIP registration,epa-pip-row-12,2024,2024,Corn,Cry1Da_7 in Event MON 95379 (PC Code 006576),https://www.regulations.gov/document/EPA-HQ-OPP-2020-0547-0008,Active
EPA,Section 3 PIP registration,epa-pip-row-13,2024,2024,Corn,IPD072Aa in Event DP23211(PC Code 006569),https://www.regulations.gov/document/EPA-HQ-OPP-2019-0697-0008,Active
EPA,Section 3 PIP registration,epa-pip-row-14,2024,2024,Corn,DvSSJ1 in Event DP23211(PC Code 006968),https://www.regulations.gov/document/EPA-HQ-OPP-2019-0697-0008,Active
EPA,Section 3 PIP registration,epa-pip-row-15,2024,2024,Corn,IPD079Ea in Event DP915635(PC Code 017310),https://www.regulations.gov/document/EPA-HQ-OPP-2022-0930-0009,Active
EPA,Section 3 PIP registration,epa-pip-row-02,2025,2025,Soybean,Cry1A.2 in MON 94637 (PC Code 006537),https://www.regulations.gov/document/EPA-HQ-OPP-2024-0291-0008,Active
EPA,Section 3 PIP registration,epa-pip-row-03,2025,2025,Soybean,Cry1B.2 in MON 94637 (PC Code 006538),https://www.regulations.gov/document/EPA-HQ-OPP-2024-0291-0008,Active
EPA,Section 3 PIP registration,epa-pip-row-04,2025,2025,Corn,IPD072Aa in DP51291 (PC Code 006569),https://www.regulations.gov/document/EPA-HQ-OPP-2024-0613-0011,Active
EPA,Section 3 PIP registration,epa-pip-row-05,2025,2025,Potato,PVY Coat Protein-derived siRNA in BG25 (PC Code 006662),https://www.regulations.gov/document/EPA-HQ-OPP-2024-0101-0010,Active
EPA,Section 3 PIP registration,epa-pip-row-06,2025,2025,Corn,Cry1Da2 in DAS 1131 (PC Code 006531),https://www.regulations.gov/document/EPA-HQ-OPP-2023-0018-0007,Active
EPA,Section 3 PIP registration,epa-pip-row-07,2025,2025,Corn,Cry1B.34 in DP910521 (PC Code 006820),https://www.regulations.gov/document/EPA-HQ-OPP-2022-0989-0007,Active
EPA,Section 3 PIP registration,epa-pip-row-08,2025,2025,Corn,Brevibacillus laterosporus Mpp75Aa1.1 in MON 95275 (PC Code 006542),https://www.regulations.gov/document/EPA-HQ-OPP-2024-0138-0008,Active
EPA,Section 3 PIP registration,epa-pip-row-09,2025,2025,Corn,Bacillus thuringiensis Vpb4Da2 in MON 95275 (PC Code 006541),https://www.regulations.gov/document/EPA-HQ-OPP-2024-0138-0008,Active
EPA,Section 3 PIP registration,epa-pip-row-10,2025,2025,Corn,DvSnf7.1 Double Stranded RNA in MON 95275 Corn (PC Code 006543),https://www.regulations.gov/document/EPA-HQ-OPP-2024-0138-0008,Active
EPA,Section 3 PIP registration,epa-pip-row-01,2026,2026,Citrus,"(1) Loss Of Function Edit: Accelerated Cell Death 2 (ACD2) gene, gRNA, and SpCas9 Protein;(2) Loss of Function Edit: Lethal Leaf Spot 1 (LLS1) gene, gRNA, and SpCas9 Protein;(3) Loss of Function Edit: Papain-Like Cysteine Protease (PLCP) gene, gRNA, and SpCas9 Protein",https://www.regulations.gov/document/EPA-HQ-OPP-2025-0211-0027,Active
USDA,petitions,92-196-01p,1992-10-19,1992,Tomato,"Fruit Ripening Altered/pCGN1547, pCGN1548, pCGN1557, pCGN1559, pCGN1578",http://www.aphis.usda.gov/brs/aphisdocs/92_19601p_com.pdf,Deregulated
USDA,petitions,93-196-01p,1994-02-15,1994,Cotton,Bromoxynil Tolerant/BXN,http://www.aphis.usda.gov/brs/aphisdocs/93_19601p_com.pdf,Deregulated
USDA,petitions,93-258-01p,1994-05-19,1994,Soybean,Glyphosate Tolerant/40-3-2,http://www.aphis.usda.gov/brs/aphisdocs/93_25801p_com.pdf,Deregulated
USDA,petitions,94-227-01p (Extension of 92-196-01p),1994-10-03,1994,Tomato,"Fruit Ripening Altered/pCGN1436, pCGN4109",http://www.aphis.usda.gov/brs/aphisdocs/94_22701p_com.pdf,Deregulated
USDA,petitions,94-090-01p,1994-10-31,1994,Canola,"Oil Profile Altered/pCGN3828-212/86-18, pCGN3828-212/86-23",http://www.aphis.usda.gov/brs/aphisdocs/94_09001p_com.pdf,Deregulated
USDA,petitions,94-230-01p (Extension of 92-196-01p),1994-11-18,1994,Tomato,"Fruit Ripening Altered/114F 4109a 26, 114F 4109a 81",http://www.aphis.usda.gov/brs/aphisdocs/94_23001p_com.pdf,Deregulated
USDA,petitions,92-204-01p,1994-12-07,1994,Squash,Watermelon Mosaic Virus and Zucchini Yellow Mosaic Virus Resistant/ZW-20,http://www.aphis.usda.gov/brs/aphisdocs/92_20401p_com.pdf,Deregulated
USDA,petitions,94-228-01p,1995-01-17,1995,Tomato,Fruit Ripening Altered/1345-4,http://www.aphis.usda.gov/brs/aphisdocs/94_22801p_com.pdf,Deregulated
USDA,petitions,94-257-01p,1995-03-02,1995,Potato,"Coleopteran Resistant/BT6, BT10, BT12, BT16, BT17, BT18, BT23",http://www.aphis.usda.gov/brs/aphisdocs/94_25701p_com.pdf,Deregulated
USDA,petitions,95-030-01p (Extension of 92-196-01p),1995-03-23,1995,Tomato,"Fruit Ripening Altered/105F 1436 2018, 105F 1436 2035, 105F 1436 2049, 35F 4109a 3023, 84F 4109a 148, 88F 4109a 2797, 121F 4109a 333, 121F 4109a 1071, 121F 4109a 1120, 137F 4109a 71, 138F 4109a 164, 519A 4109a 4527, 519A 4109a 4621, 519A 4109a 4676, 531A 4109a 2105, 531A 4109a 2270, 532A 4109a 5097, 540A 4109a 1739, 585A 4109a 3604, 585A 4109a 3530",https://www.aphis.usda.gov/sites/default/files/95_03001p_com.pdf,Deregulated
USDA,petitions,94-319-01p,1995-05-17,1995,Corn,Lepidopteran Resistant/176,http://www.aphis.usda.gov/brs/aphisdocs/94_31901p_com.pdf,Deregulated
USDA,petitions,94-290-01p,1995-06-06,1995,Tomato,"Fruit Polygalacturonase Level Decreased/B, Da, F",http://www.aphis.usda.gov/brs/aphisdocs/94_29001p_com.pdf,Deregulated
USDA,petitions,94-308-01p,1995-06-22,1995,Cotton,"Lepidopteran Resistant/531, 757, 1076",http://www.aphis.usda.gov/brs/aphisdocs/94_30801p_com.pdf,Deregulated
USDA,petitions,94-357-01p,1995-06-22,1995,Corn,"Glufosinate Tolerant/T14, T25",https://www.aphis.usda.gov/sites/default/files/94_35701p_com.pdf,Deregulated
USDA,petitions,95-045-01p,1995-07-11,1995,Cotton,"Glyphosate Tolerant/1445, 1698",https://www.aphis.usda.gov/sites/default/files/95_04501p_com.pdf,Deregulated
USDA,petitions,95-179-01p (Extension of 92-196-01p),1995-07-28,1995,Tomato,"Fruit Ripening Altered/519a 4109a-4645, 540a 4109a-1823",https://www.aphis.usda.gov/sites/default/files/95_17901p_com.pdf,Deregulated
USDA,petitions,95-093-01p,1995-08-22,1995,Corn,Lepidopteran Resistant/MON 80100,https://www.aphis.usda.gov/sites/default/files/95_09301p_com.pdf,Deregulated
USDA,petitions,95-053-01p,1995-09-27,1995,Tomato,Fruit Ripening Altered/8338,https://www.aphis.usda.gov/sites/default/files/95_05301p_com.pdf,Deregulated
USDA,petitions,95-145-01p,1995-12-19,1995,Corn,Glufosinate Tolerant/B16,https://www.aphis.usda.gov/sites/default/files/95_14501p_com.pdf,Deregulated
USDA,petitions,95-195-01p,1996-01-18,1996,Corn,European Corn Borer Resistant/Bt11,https://www.aphis.usda.gov/sites/default/files/95_19501p_com.pdf,Deregulated
USDA,petitions,95-256-01p,1996-01-25,1996,Cotton,Sulfonylurea Tolerant/19-51A,https://www.aphis.usda.gov/sites/default/files/95_25601p_com.pdf,Deregulated
USDA,petitions,95-228-01p,1996-02-22,1996,Corn,Male Sterile/MS3,https://www.aphis.usda.gov/sites/default/files/95_22801p_com.pdf,Deregulated
USDA,petitions,96-017-01p (Extension of 95-093-01p),1996-03-15,1996,Corn,"European Corn Borer Resistant/MON 809, MON 810",https://www.aphis.usda.gov/sites/default/files/96_01701p_com.pdf,Deregulated
USDA,petitions,95-324-01p,1996-03-27,1996,Tomato,Fruit Ripening Altered/35-1-N,https://www.aphis.usda.gov/sites/default/files/95_32401p_com.pdf,Deregulated
USDA,petitions,95-338-01p,1996-05-03,1996,Potato,"Colorado Potato Beetle Resistant/SPBT02-5, SPBT02-7, ATBT04-6, ATBT04-27, ATBT04-30, ATBT04-31, ATBT04-36",https://www.aphis.usda.gov/sites/default/files/95_33801p_com.pdf,Deregulated
USDA,petitions,95-352-01p,1996-06-14,1996,Squash,"Cucumber Mosaic Virus, Watermelon Mosaic Virus 2, and Zucchini Yellow Mosaic Virus Resistant/CZW-3",https://www.aphis.usda.gov/sites/default/files/95_35201p_com.pdf,Deregulated
USDA,petitions,96-068-01p,1996-07-31,1996,Soybean,"Glufosinate Tolerant/W62, W98, A2704-12, A2704-21, A5547-35",https://www.aphis.usda.gov/sites/default/files/96_06801p_com.pdf,Deregulated
USDA,petitions,96-051-01p,1996-09-05,1996,Papaya,"Papaya Ringspot Virus Resistant/55-1, 63-1",http://www.aphis.usda.gov/brs/aphisdocs/96_05101p_com.pdf,Deregulated
USDA,petitions,96-248-01p (Extension of 92-196-01p),1996-10-09,1996,Tomato,Fruit Ripening Altered/532A 4109a 5166,http://www.aphis.usda.gov/brs/aphisdocs/96_24801p_com.pdf,Deregulated
USDA,petitions,96-291-01p,1997-03-28,1997,Corn,European Corn Borer Resistant/DBT418,https://www.aphis.usda.gov/sites/default/files/96_29101p_com.pdf,Deregulated
USDA,petitions,97-013-01p,1997-04-30,1997,Cotton,"Bromoxynil Tolerant and Lepidopteran Resistant/31807, 31808",http://www.aphis.usda.gov/brs/aphisdocs/97_01301p_com.pdf,Deregulated
USDA,petitions,97-008-01p,1997-05-07,1997,Soybean,"High Oleic Acid Oil/G94-1, G94-19, G-168",https://www.aphis.usda.gov/sites/default/files/97_00801p.pdf,Deregulated
USDA,petitions,96-317-01p,1997-05-27,1997,Corn,Glyphosate Tolerant and European Corn Borer Resistant/MON 802,https://www.aphis.usda.gov/sites/default/files/96_31701p_com.pdf,Deregulated
USDA,petitions,97-148-01p,1997-11-07,1997,Chicory,"Male Sterile/RM3-3, RM3-4, RM3-6",http://www.aphis.usda.gov/brs/aphisdocs/97_14801p_com.pdf,Deregulated
USDA,petitions,97-099-01p,1997-11-18,1997,Corn,Glyphosate Tolerant/GA21,http://www.aphis.usda.gov/brs/aphisdocs/97_09901p_com.pdf,Deregulated
USDA,petitions,97-205-01p,1998-01-29,1998,Canola,Phosphinothricin Tolerant/T45,http://www.aphis.usda.gov/brs/aphisdocs/97_20501p_com.pdf,Deregulated
USDA,petitions,97-287-01p,1998-03-26,1998,Tomato,Lepidopteran Resistant/5345,http://www.aphis.usda.gov/brs/aphisdocs/97_28701p_com.pdf,Deregulated
USDA,petitions,97-336-01p,1998-04-28,1998,Sugar beet,Phosphinothricin Tolerant/T120-7,http://www.aphis.usda.gov/brs/aphisdocs/97_33601p_com.pdf,Deregulated
USDA,petitions,97-265-01p,1998-05-08,1998,Corn,Phosphinothricin Tolerant and Lepidopteran Resistant/CBH-351,http://www.aphis.usda.gov/brs/aphisdocs/97_26501p_com.pdf,Deregulated
USDA,petitions,97-342-01p,1998-05-14,1998,Corn,"Male Sterile and Phosphinothricin Tolerant/676, 678, 680",http://www.aphis.usda.gov/brs/aphisdocs/97_34201p.pdf,Deregulated
USDA,petitions,98-014-01p (Extension of 96-068-01p),1998-06-08,1998,Soybean,Phosphinothricin Tolerant/A5547-127,http://www.aphis.usda.gov/brs/aphisdocs/98_01401p_com.pdf,Deregulated
USDA,petitions,98-238-01p,1998-10-14,1998,Soybean,Phosphinothricin Tolerant/GU262,http://www.aphis.usda.gov/brs/aphisdocs/98_23801p_com.pdf,Deregulated
USDA,petitions,97-204-01p,1998-12-03,1998,Potato,"Potato Leafroll Virus & Colorado Potato Beetle Resistant/RBMT21-129, RBMT21-350",http://www.aphis.usda.gov/brs/aphisdocs/97_20401p_com.pdf,Deregulated
USDA,petitions,98-173-01p,1998-12-23,1998,Sugar beet,Glyphosate Tolerant/GTSB77,http://www.aphis.usda.gov/brs/aphisdocs/98_17301p_com.pdf,Deregulated
USDA,petitions,97-339-01p,1999-02-25,1999,Potato,"Colorado Potato Beetle and Potato Virus Y Resistant/RBMT15-101, SEMT15-02, SEMT15-15",http://www.aphis.usda.gov/brs/aphisdocs/97_33901p_com.pdf,Deregulated
USDA,petitions,98-349-01p (Extension of 95-228-01p),1999-03-16,1999,Corn,Phosphinothricin Tolerant and Male Sterile/MS6,http://www.aphis.usda.gov/brs/aphisdocs/98_34901p_com.pdf,Deregulated
USDA,petitions,98-278-01p,1999-03-22,1999,Canola,"Phosphinothricin Tolerant and Pollination Control/MS8, RF3",http://www.aphis.usda.gov/brs/aphisdocs/98_27801p_com.pdf,Deregulated
USDA,petitions,98-329-01p,1999-04-15,1999,Rice,"Phosphinothricin Tolerant/LLRICE06, LLRICE62",http://www.aphis.usda.gov/brs/aphisdocs/98_32901p_com.pdf,Deregulated
USDA,petitions,98-335-01p,1999-05-19,1999,Flax,Tolerant to Soil Residues of Sulfonylurea Herbicide/CDC Triffid,http://www.aphis.usda.gov/brs/aphisdocs/98_33501p_com.pdf,Deregulated
USDA,petitions,98-216-01p,1999-12-23,1999,Canola,Glyphosate Tolerant/RT73,http://www.aphis.usda.gov/brs/aphisdocs/98_21601p_com.pdf,Deregulated
USDA,petitions,99-173-01p (Extension of 97-204-01p),2000-06-06,2000,Potato,Potato Leafroll Virus & Colorado Potato Beetle Resistant/RBMT22-82,http://www.aphis.usda.gov/brs/aphisdocs/99_17301p_com.pdf,Deregulated
USDA,petitions,00-011-01p (Extension of 97-099-01p),2000-08-23,2000,Corn,Glyphosate Tolerant/NK603,http://www.aphis.usda.gov/brs/aphisdocs/00_01101p_com.pdf,Deregulated
USDA,petitions,00-136-01p,2001-06-14,2001,Corn,Lepidopteran Resistant Phosphinothricin Tolerant/1507,http://www.aphis.usda.gov/brs/aphisdocs/00_13601p_com.pdf,Deregulated
USDA,petitions,01-121-01p,2002-09-16,2002,Tobacco,Reduced Nicotine/Vector 21-41,http://www.aphis.usda.gov/brs/aphisdocs/01_12101p_com.pdf,Deregulated
USDA,petitions,01-137-01p,2002-10-08,2002,Corn,Corn Rootworm Resistant/MON 863,http://www.aphis.usda.gov/brs/aphisdocs/01_13701p_com.pdf,Deregulated
USDA,petitions,00-342-01p,2002-11-05,2002,Cotton,Lepidopteran Resistant/15985,http://www.aphis.usda.gov/brs/aphisdocs/00_34201p_com.pdf,Deregulated
USDA,petitions,01-206-01p (Extension of 98-278-01p),2002-11-14,2002,Canola,Phosphinothricin Tolerant/MS1,http://www.aphis.usda.gov/brs/aphisdocs/01_20601p_com.pdf,Deregulated
USDA,petitions,01-206-02p (Extension of 97-205-01p),2002-11-14,2002,Canola,Phosphinothricin Tolerant & Pollination Control/Topas 19/2,http://www.aphis.usda.gov/brs/aphisdocs/01_20602p_com.pdf,Deregulated
USDA,petitions,02-042-01p,2003-03-11,2003,Cotton,Phosphinothericin Tolerant/LLCotton25,http://www.aphis.usda.gov/brs/aphisdocs/02_04201p_com.pdf,Deregulated
USDA,petitions,01-324-01p (Extension of 98-216-01p),2003-10-08,2003,Canola,Glyphosate tolerant/GT200,http://www.aphis.usda.gov/brs/aphisdocs/01_32401p_com.pdf,Deregulated
USDA,petitions,03-036-02p,2004-07-15,2004,Cotton,Lepidopteran Resistant/3006-210-23,http://www.aphis.usda.gov/brs/aphisdocs/03_03601p_com.pdf,Deregulated
USDA,petitions,03-181-01p (Extension of 00-136-01p),2004-10-20,2004,Corn,Lepidopteran Resistant & Phosphinothricin Tolerant/6275,http://www.aphis.usda.gov/brs/aphisdocs/03_18101p_com.pdf,Deregulated
USDA,petitions,04-086-01p,2004-12-20,2004,Cotton,Glyphosate Tolerant/MON 88913,http://www.aphis.usda.gov/brs/aphisdocs/04_08601p_com.pdf,Deregulated
USDA,petitions,03-155-01p,2005-07-06,2005,Cotton,Lepidopteran Resistant/COT102,http://www.aphis.usda.gov/brs/aphisdocs/03_15501p_com.pdf,Deregulated
USDA,petitions,03-353-01p,2005-09-23,2005,Corn,Corn Rootworm Resistant/59122,http://www.aphis.usda.gov/brs/aphisdocs/03_35301p_com.pdf,Deregulated
USDA,petitions,04-125-01p,2005-12-14,2005,Corn,Corn Rootworm Resistant/MON 88017,http://www.aphis.usda.gov/brs/aphisdocs/04_12501p_com.pdf,Deregulated
USDA,petitions,04-229-01p,2006-01-23,2006,Corn,High Lysine/LY038,http://www.aphis.usda.gov/brs/aphisdocs/04_22901p_com.pdf,Deregulated
USDA,petitions,06-234-01p (Extension of 98-329-01p),2006-11-24,2006,Rice,Phosphinothricin Tolerant/LLRICE601,http://www.aphis.usda.gov/brs/aphisdocs/06_23401p_com.pdf,Deregulated
USDA,petitions,04-362-01p,2007-03-16,2007,Corn,Corn Rootworm Protected/MIR604,http://www.aphis.usda.gov/brs/aphisdocs/04_36201p_com.pdf,Deregulated
USDA,petitions,04-264-01p,2007-06-27,2007,Plum,Plum Pox Virus Resistant/C5,http://www.aphis.usda.gov/brs/aphisdocs/04_26401p_com.pdf,Deregulated
USDA,petitions,06-178-01p,2007-07-23,2007,Soybean,Glyphosate Tolerant/MON 89788,http://www.aphis.usda.gov/brs/aphisdocs/06_17801p_com.pdf,Deregulated
USDA,petitions,06-271-01p,2008-07-15,2008,Soybean,Glyphosate & Acetolactate Synthase Tolerant/DP-356&#0216;43-5,http://www.aphis.usda.gov/brs/aphisdocs/06_27101p_com.pdf,Deregulated
USDA,petitions,06-298-01p,2008-07-15,2008,Corn,European Corn Borer Resistant/MON 89034,http://www.aphis.usda.gov/brs/aphisdocs/06_29801p_com.pdf,Deregulated
USDA,petitions,06-332-01p,2009-04-30,2009,Cotton,Glyphosate Tolerant/GHB614,http://www.aphis.usda.gov/brs/aphisdocs/06_33201p_com.pdf,Deregulated
USDA,petitions,04-337-01p,2009-07-22,2009,Papaya,Papaya Ringspot Virus Resistant/X17-2,http://www.aphis.usda.gov/brs/aphisdocs/04_33701p_com.pdf,Deregulated
USDA,petitions,07-152-01p,2009-10-09,2009,Corn,Glyphosate & Imidazolinone Tolerant/98140,http://www.aphis.usda.gov/brs/aphisdocs/07_15201p_com.pdf,Deregulated
USDA,petitions,07-253-01p,2010-04-12,2010,Corn,Lepidopteran Resistant/MIR 162,http://www.aphis.usda.gov/brs/aphisdocs/07_25301_det.pdf,Deregulated
USDA,petitions,06-354-01p,2010-06-07,2010,Soybean,High Oleic Acid/Event 305423,http://www.aphis.usda.gov/brs/aphisdocs/06_35401p_com.pdf,Deregulated
USDA,petitions,"04-110-01p_a1, 04-110-01p",2011-01-28,2011,Alfalfa,"Glyphosate Tolerant/J101, J163",https://www.aphis.usda.gov/sites/default/files/BRS_20050627a.pdf,Deregulated
USDA,petitions,05-280-01p,2011-02-01,2011,Corn,Thermostable Alpha-amylase/3272,http://www.aphis.usda.gov/brs/aphisdocs/05_28001p_com.pdf,Deregulated
USDA,petitions,08-338-01p,2011-05-24,2011,Corn,"Male Sterile, Fertility Restored, Visual Marker/DP-32138-1",https://www.aphis.usda.gov/sites/default/files/08_33801p_det.pdf,Deregulated
USDA,petitions,07-108-01p,2011-08-23,2011,Cotton,Lepidopteran Resistant/COT67B,https://www.aphis.usda.gov/sites/default/files/07_10801p_com.pdf,Deregulated
USDA,petitions,09-082-01p,2011-09-22,2011,Soybean,Insect Resistant/MON 87701,https://www.aphis.usda.gov/sites/default/files/09_08201p_det.pdf,Deregulated
USDA,petitions,08-340-01p,2011-09-23,2011,Cotton,"Glufosinate Tolerant, Lepidopteran Resistant/T304-40 x GHB119",https://www.aphis.usda.gov/sites/default/files/08_34001p_det.pdf,Deregulated
USDA,petitions,09-201-01p,2011-10-07,2011,Soybean,Improved Fatty Acid Profile/MON 87705,https://www.aphis.usda.gov/sites/default/files/09_20101p_det.pdf,Deregulated
USDA,air,air-legacy-284,2011-10-27,2011,Tobacco,Null Segregant Tobacco,https://www.aphis.usda.gov/sites/default/files/Dr%20Ramsey%20S%20Lewis%20NCSC%20Final.pdf,Nonregulated or exempt
USDA,air,air-legacy-285,2011-10-27,2011,Plum,Null Segregant Plums,https://www.aphis.usda.gov/sites/default/files/Drs%20Scorza%20and%20Callahan%20Final.pdf,Nonregulated or exempt
USDA,petitions,09-055-01p,2011-11-30,2011,Corn,Drought Tolerant/MON 87460,https://www.aphis.usda.gov/sites/default/files/09_05501p_det.pdf,Deregulated
USDA,air,air-legacy-280,2012-04-02,2012,Grape,Grapevine with Genes and Regulatory Elements from Grapevine,https://www.aphis.usda.gov/sites/default/files/Grapevine_Inquiry_BR_response_042412.pdf,Nonregulated or exempt
USDA,air,air-legacy-278,2012-04-24,2012,Switchgrass,GE TRG101B Switchgrass,https://www.aphis.usda.gov/sites/default/files/Ceres_Inquiry_BRS_Response.pdf,Nonregulated or exempt
USDA,petitions,09-183-01p,2012-05-15,2012,Soybean,Stearidonic Acid Produced/MON 87769,https://www.aphis.usda.gov/sites/default/files/09_18301p_det.pdf,Deregulated
USDA,petitions,03-323-01p,2012-07-19,2012,Sugar beet,Glyphosate Tolerant/H7-1,http://www.aphis.usda.gov/brs/aphisdocs/03_32301p_com.pdf,Deregulated
USDA,petitions,12-033-01p (Extension of 08-340-01p),2012-08-17,2012,Cotton,"Glufosinate Tolerant, Lepidopteran Resistant/T303-3",https://www.aphis.usda.gov/sites/default/files/12_03301p_det_sig.pdf,Deregulated
USDA,air,air-legacy-273,2013-01-02,2013,Switchgrass,"TRG101W, TRG106E, TRG107E, TRG108E Switchgrass",https://www.aphis.usda.gov/sites/default/files/Ceres_switchgrass_responses.pdf,Nonregulated or exempt
USDA,petitions,10-336-01p,2013-01-29,2013,Corn,Rootworm Resistant/5307,http://www.aphis.usda.gov/brs/aphisdocs/10_33601p_fea.pdf,Deregulated
USDA,petitions,09-063-01p (Extension of 97-099-01p),2013-04-08,2013,Corn,Glyphosate Tolerant/HCEM485,https://www.aphis.usda.gov/sites/default/files/09_06301p_det.pdf,Deregulated
USDA,petitions,11-244-01p,2013-06-20,2013,Corn,Insect Resistant and Glufosinate Tolerant/DP-&#0216;&#0216;4114-3,http://www.aphis.usda.gov/brs/aphisdocs/11_24401p_det.pdf,Deregulated
USDA,petitions,11-063-01p,2013-07-19,2013,Canola,Glyphosate Tolerant/73496,http://www.aphis.usda.gov/brs/aphisdocs/11_06301p_fea.pdf,Deregulated
USDA,petitions,09-328-01p,2013-08-13,2013,Soybean,Glyphosate and Isoxaflutole Tolerant/FG7,http://www.aphis.usda.gov/brs/aphisdocs/09_32801p_det.pdf,Deregulated
USDA,petitions,10-281-01p,2013-09-25,2013,Corn,Male Sterile/MON 87427,http://www.aphis.usda.gov/brs/aphisdocs/10_28101p_fea.pdf,Deregulated
USDA,petitions,11-188-01p,2013-09-25,2013,Canola,Glyphosate Tolerant/MON 88302,http://www.aphis.usda.gov/brs/aphisdocs/11_18801p_fea.pdf,Deregulated
USDA,petitions,11-342-01p,2013-09-25,2013,Corn,Glyphosate Tolerant/VCO-&#0216;1981-5,http://www.aphis.usda.gov/brs/aphisdocs/11_34201p_det.pdf,Deregulated
USDA,petitions,11-202-01p,2013-09-30,2013,Soybean,Increased Yield/MON 87712,http://www.aphis.usda.gov/brs/aphisdocs/11_20201p_fea.pdf,Deregulated
USDA,air,air-legacy-269,2014-01-22,2014,Soybean,GE Altered-Flavonoid Profile Soybeans Without Plant Pest Sequences,https://www.aphis.usda.gov/sites/default/files/brs_resp_uga_reg_loi_ge_soybean.pdf,Nonregulated or exempt
USDA,petitions,09-015-01p,2014-02-05,2014,Soybean,Imidazolinone Tolerant/BPS-CV127-9,https://www.aphis.usda.gov/sites/default/files/09_01501p_det.pdf,Deregulated
USDA,petitions,12-272-01p,2014-04-17,2014,Soybean,Insect Resistant/DAS-81419-2,http://www.aphis.usda.gov/brs/aphisdocs/12_27201p_det.pdf,Deregulated
USDA,petitions,10-161-01p,2014-05-29,2014,Apple,"Non-Browning/GD743, GS784",http://www.aphis.usda.gov/brs/aphisdocs/10_16101p_fea.pdf,Deregulated
USDA,petitions,12-215-01p,2014-07-17,2014,Soybean,HPPD and Glufosinate/Tolerant/SYHT0H2,http://www.aphis.usda.gov/brs/aphisdocs/12_21501p_det.pdf,Deregulated
USDA,air,air-legacy-267,2014-08-06,2014,Sorghum,GE Sorghum Without Plant Pest Sequences,https://www.aphis.usda.gov/sites/default/files/brs_resp_ceres_reg_loi_ge_sorghum.pdf,Nonregulated or exempt
USDA,air,air-legacy-265,2014-08-28,2014,Potato,GE Null Segregant Potato,https://www.aphis.usda.gov/sites/default/files/aphis_response_cellectis_potato.pdf,Nonregulated or exempt
USDA,petitions,12-321-01p,2014-09-04,2014,Alfalfa,Reduced Lignin/KK179,http://www.aphis.usda.gov/brs/aphisdocs/12_32101p_fea.pdf,Deregulated
USDA,petitions,09-233-01p,2014-09-12,2014,Corn,"2,4-D and ACCase-Inhibitor Tolerant/DAS-40278-9",https://www.aphis.usda.gov/sites/default/files/09_23301p_fpra.pdf,Deregulated
USDA,petitions,09-349-01p,2014-09-12,2014,Soybean,"2,4-D and Glufosinate Tolerant/DAS-68416-4",https://www.aphis.usda.gov/sites/default/files/09_34901p_fpra.pdf,Deregulated
USDA,petitions,11-234-01p,2014-09-12,2014,Soybean,"2,4-D, Glufosinate and Glyphosate Tolerant/DAS-444&#0216;6-6",http://www.aphis.usda.gov/brs/aphisdocs/11_23401p_ppra.pdf,Deregulated
USDA,petitions,13-337-01p (Extension of 09-082-01p),2014-10-16,2014,Soybean,Lepidopteran-Resistant Soybean/MON 87751,https://www.aphis.usda.gov/sites/default/files/13_33701p_pfonsi.pdf,Deregulated
USDA,petitions,13-022-01p,2014-10-17,2014,Potato,"Low-Acrylamide Potential, Reduced Black Spot Bruise/E12, E24, F10, F37, J3, J55, J78, G11, H37, H50",http://www.aphis.usda.gov/brs/aphisdocs/13_02201p_det.pdf,Deregulated
USDA,petitions,10-188-01p,2015-01-14,2015,Soybean,Dicamba Tolerant/MON 87708,http://www.aphis.usda.gov/brs/aphisdocs/dicamba_feis_appendices.pdf,Deregulated
USDA,petitions,12-185-01p,2015-01-14,2015,Cotton,Dicamba and Glufosinate Tolerant/MON-887&#0216;1-3,http://www.aphis.usda.gov/brs/aphisdocs/dicamba_feis_appendices.pdf,Deregulated
USDA,air,air-legacy-262,2015-05-05,2015,Soybean,FAD2KO Soybean Without Materials from Plant Pest Sequences,https://www.aphis.usda.gov/sites/default/files/brs_response_cellectis_air_fad2k0_soy_cbidel.pdf,Nonregulated or exempt
USDA,air,15-013-01,2015-05-18,2015,Corn,BHB Hi-Yield Maize,https://www.aphis.usda.gov/sites/default/files/15-013-01air_resp.pdf,Nonregulated or exempt
USDA,air,15-071-01,2015-05-20,2015,Soybean,FAD3KO Soybean,https://www.aphis.usda.gov/sites/default/files/15-071-01air_resp.pdf,Nonregulated or exempt
USDA,air,air-legacy-259,2015-05-22,2015,Rice,Ting-1 to Ting-5 Rice ,https://www.aphis.usda.gov/sites/default/files/aphis_resp_isu_ting_rice.pdf,Nonregulated or exempt
USDA,petitions,13-262-01p,2015-07-22,2015,Cotton,"2,4-D and Glufosinate-Tolerant/DAS-8191&#0216;-7",https://www.aphis.usda.gov/sites/default/files/13_26201p_det.pdf,Deregulated
USDA,petitions,14-093-01p,2015-07-31,2015,Potato,"Late Blight Resistant, Low-Acrylamide Potential, Reduced Black Spot Bruise, Lowered Reducing Sugars/Russet Burbank Event W8",https://www.aphis.usda.gov/sites/default/files/14_09301p_det.pdf,Deregulated
USDA,petitions,13-290-01p,2015-10-23,2015,Corn,Rootworm-Resistant/Glyphosate-Tolerant/MON-87411-9,http://www.aphis.usda.gov/brs/aphisdocs/13_29001p_fpra.pdf,Deregulated
USDA,petitions,14-213-01p,2015-11-17,2015,Corn,Increased Ear Biomass/MON-87403-1,http://www.aphis.usda.gov/brs/aphisdocs/14_21301p_dpra.pdf,Deregulated
USDA,air,15-078-02,2015-11-30,2015,Corn,Maize Genetically Engineered without Plant Pest Sequences,https://www.aphis.usda.gov/sites/default/files/15-078-02_air_response_final.pdf,Nonregulated or exempt
USDA,air,15-120-01,2015-11-30,2015,Tobacco,Tobacco Varieties Grown using Novel Breeding Method,https://www.aphis.usda.gov/sites/default/files/15-120-01_air_response_final.pdf,Nonregulated or exempt
USDA,petitions,15-124-01p (Extension of 11-244-01p and 11-342-01p),2015-11-30,2015,Corn,Glufosinate and Glyphosate Tolerant/MZHG0JG,http://www.aphis.usda.gov/brs/aphisdocs/15_12401p_det.pdf,Deregulated
USDA,petitions,15-140-01p (Extension of 13-022-01p),2016-01-13,2016,Potato,"Low-Acrylamide Potential, Reduced Black Spot Bruise/SPS-0216V11-6",http://www.aphis.usda.gov/brs/aphisdocs/15_14001p_det.pdf,Deregulated
USDA,air,13-242-01,2016-02-08,2016,Corn,Biolistically-Derived Maize,https://www.aphis.usda.gov/sites/default/files/13-242-01_air_response.pdf,Nonregulated or exempt
USDA,air,15-238-01,2016-02-11,2016,Wheat,MLO_KO Wheat,https://www.aphis.usda.gov/sites/default/files/15-238-01_air_response_signed.pdf,Nonregulated or exempt
USDA,air,15-352-02,2016-03-17,2016,Tobacco,Increased Biomass Tobacco,https://www.aphis.usda.gov/sites/default/files/15-352-02_air_response_signed.pdf,Nonregulated or exempt
USDA,petitions,15-113-01p,2016-03-23,2016,Corn,Dicamba and Glufosinate/Tolerant/MON-87419-8,https://www.aphis.usda.gov/sites/default/files/15_11301p_fonsi.pdf,Deregulated
USDA,petitions,15-218-01p (Extension of 11-244-01p),2016-03-23,2016,Corn,Insect and Glufosinate-Resistant/SYN-0216-98-3,https://www.aphis.usda.gov/sites/default/files/15_21801p_fonsi.pdf,Deregulated
USDA,air,15-321-01,2016-04-13,2016,Mushroom,CRISPR-edited Mushroom,https://www.aphis.usda.gov/sites/default/files/15-321-01_air_response_signed.pdf,Nonregulated or exempt
USDA,air,15-352-01,2016-04-18,2016,Corn,Waxy Corn Developed by CRISPR-Cas Technology,https://www.aphis.usda.gov/sites/default/files/15-352-01_air_response_signed.pdf,Nonregulated or exempt
USDA,air,15-035-01,2016-06-03,2016,Sugarcane,TRSOG101B Transgenic Sugarcane,https://www.aphis.usda.gov/sites/default/files/15-035-01_air_response_signed.pdf,Nonregulated or exempt
USDA,air,15-264-02,2016-06-03,2016,Sugarcane,"TRSOG103B, TRSOG102W, TRSOG108W Transgenic Sugarcane",https://www.aphis.usda.gov/sites/default/files/15-264-02_air_response_signed.pdf,Nonregulated or exempt
USDA,air,15-202-01,2016-07-18,2016,Sorghum,TRSOG101S Transgenic Sorghum,https://www.aphis.usda.gov/sites/default/files/15-202-01_air_response_signed.pdf,Nonregulated or exempt
USDA,air,16-090-01,2016-09-15,2016,Potato,TALEN PPO_KO Potato,https://www.aphis.usda.gov/sites/default/files/16-090-01_air_response_signed.pdf,Nonregulated or exempt
USDA,petitions,16-004-01p (Extension of 10-161-01p),2016-09-23,2016,Apple,Enzymatic Browning Resistance/NF872,https://www.aphis.usda.gov/sites/default/files/16_00401p_det_pprsa.pdf,Deregulated
USDA,petitions,16-064-01p (Extension of 14-093-01p),2016-10-28,2016,Potato,"Late Blight Resistance, Low Acrylamide Potential, Lowered Reducing Sugars, and Reduced Black Spot/X17 and Y9",https://www.aphis.usda.gov/sites/default/files/BRS_20160923.pdf,Deregulated
USDA,air,16-320-01,2016-12-02,2016,Potato,TALEN PPO5 Potato,https://www.aphis.usda.gov/sites/default/files/16-320-01_air_response_signed.pdf,Nonregulated or exempt
USDA,air,15-264-01,2016-12-19,2016,Tobacco,Transgenic Auto-luminescent Tobacco Plant,https://www.aphis.usda.gov/sites/default/files/15-264-01_air_response_signed.pdf,Nonregulated or exempt
USDA,air,15-296-01,2016-12-19,2016,Tobacco,Transgenic Bioluminescent Tobacco,https://www.aphis.usda.gov/sites/default/files/15-296-01_air_response_signed.pdf,Nonregulated or exempt
USDA,air,16-293-01,2017-02-16,2017,Bahiagrass,Quality Forage Bahiagrass,https://www.aphis.usda.gov/sites/default/files/16-293-01_air_response_signed.pdf,Nonregulated or exempt
USDA,air,16-293-02,2017-02-16,2017,Bahiagrass,Highly Digestible Bahiagrass,https://www.aphis.usda.gov/sites/default/files/16-293-02_air_response_signed.pdf,Nonregulated or exempt
USDA,air,16-293-03,2017-02-16,2017,Bahiagrass,Herbicide Resistant Bahiagrass,https://www.aphis.usda.gov/sites/default/files/16-293-03_air_response_signed.pdf,Nonregulated or exempt
USDA,air,13-231-02,2017-02-28,2017,Miscanthus,"TRMG101Q, TRMG102W Transgenic Miscanthus",https://www.aphis.usda.gov/sites/default/files/13-231-01_air_response_signed.pdf,Nonregulated or exempt
USDA,air,16-124-01,2017-03-20,2017,Barley,Products Created by a Transgene Delivery System for Barley based on the Maize Activator/Dissociation (Ac/Ds) Transposable Elements,https://www.aphis.usda.gov/sites/default/files/16-124-01_air_response_signed.pdf,Nonregulated or exempt
USDA,air,17-004-01,2017-04-07,2017,Soybean,Null Segregant Soybean Plants,https://www.aphis.usda.gov/sites/default/files/17-004-01_air_response_signed.pdf,Nonregulated or exempt
USDA,petitions,16-235-01p (Extension of 98-278-01p),2017-07-26,2017,Canola,"Male Sterile, Glufosinate-Ammonium Resistant/MS11",https://www.aphis.usda.gov/sites/default/files/BRS_20170412.pdf,Deregulated
USDA,air,17-166-01,2017-08-29,2017,Camelina,Genome Edited Camelina Developed by CRISPR/Cas Technology,https://www.aphis.usda.gov/sites/default/files/17-166-01_air_response_signed.pdf,Nonregulated or exempt
USDA,air,17-122-01,2017-09-20,2017,Potato,Potato Event E56,https://www.aphis.usda.gov/sites/default/files/17-122-01_air_response_signed.pdf,Nonregulated or exempt
USDA,air,17-122-02,2017-09-20,2017,Potato,"Progeny of W8, X17 and Y9 Potatoes",https://www.aphis.usda.gov/sites/default/files/17-122-02_air_response_signed.pdf,Nonregulated or exempt
USDA,air,17-038-02,2017-09-25,2017,Alfalfa,Alfalfa with Improved Nutritional Quality Developed with TALEN Technology,https://www.aphis.usda.gov/sites/default/files/17-038-02_air_response_signed.pdf,Nonregulated or exempt
USDA,air,17-219-01,2017-10-16,2017,Soybean,Soybean with Drought and Salt Tolerance developed with CRISPR/Cas9,https://www.aphis.usda.gov/sites/default/files/17-219-01_air_response_signed.pdf,Nonregulated or exempt
USDA,air,17-126-01,2017-12-29,2017,Tobacco,Tobacco with Low Levels of Nicotine developed with Meganuclease,https://www.aphis.usda.gov/sites/default/files/17-126-01_air_response_signed.pdf,Nonregulated or exempt
USDA,air,17-076-01,2018-01-16,2018,Corn,Corn with Improved Resistance to Northern Leaf Blight Developed with CRISPR-Cas,https://www.aphis.usda.gov/sites/default/files/17-076-01_air_response_signed.pdf,Nonregulated or exempt
USDA,air,17-286-01,2018-03-14,2018,Rice,Cisgenic Rice with increased Salinity Tolerance Developed using Biolistics,https://www.aphis.usda.gov/sites/default/files/17-286-01_air_response_signed.pdf,Nonregulated or exempt
USDA,air,17-298-01,2018-03-19,2018,Corn,Corn with Increased Yield,https://www.aphis.usda.gov/sites/default/files/17-298-01_air_response_signed.pdf,Nonregulated or exempt
USDA,air,17-038-01,2018-03-20,2018,Wheat,Nutritionally-Enhanced Wheat Developed by TALEN Technology,https://www.aphis.usda.gov/sites/default/files/17-038-01_air_response_signed.pdf,Nonregulated or exempt
USDA,air,18-051-01,2018-05-14,2018,Tomato,Genome Edited Tomato Developed with CRISPR/Cas Technology,https://www.aphis.usda.gov/sites/default/files/18-051-01_air_response_signed.pdf,Nonregulated or exempt
USDA,air,18-086-01,2018-05-18,2018,Soybean,Soybean Engineered for Transposon Mutagenesis,https://www.aphis.usda.gov/sites/default/files/18-086-01_air_response_signed.pdf,Nonregulated or exempt
USDA,air,18-092-01,2018-05-18,2018,Soybean,Soybean Engineered for Transposon Mutagenesis that uses Trans-acting siRNA,https://www.aphis.usda.gov/sites/default/files/18-092-01_air_response_signed.pdf,Nonregulated or exempt
USDA,air,18-110-01,2018-07-12,2018,Corn,Genome Edited Maize Developed with CRISPR/Cas technology,https://www.aphis.usda.gov/sites/default/files/18-110-01_air_response_signed.pdf,Nonregulated or exempt
USDA,petitions,17-138-01p,2018-07-23,2018,Cotton,Resistance to Glyphosate and Isoxaflutole/GHB811,https://www.aphis.usda.gov/sites/default/files/17_13801p_det.pdf,Deregulated
USDA,air,18-036-01,2018-08-06,2018,Pennycress,Genome Edited Pennycress Lines Developed with CRISPR/Cas technology,https://www.aphis.usda.gov/sites/default/files/18-036-01_air_response_signed.pdf,Nonregulated or exempt
USDA,petitions,17-236-01p,2018-08-23,2018,Canola,Altered Oil Profile/B0050-027,https://www.aphis.usda.gov/sites/default/files/17_23601p_dpra.pdf,Deregulated
USDA,air,18-142-01,2018-09-27,2018,Camelina,Genome Edited Camelina Lines Developed with CRISPR/Cas technology,https://www.aphis.usda.gov/sites/default/files/18-142-01_air_response_signed.pdf,Nonregulated or exempt
USDA,petitions,17-292-01p,2018-10-16,2018,Cotton,Low Gossypol/TAM66274,https://www.aphis.usda.gov/sites/default/files/BRS_20180801.pdf,Deregulated
USDA,air,18-243-01,2019-02-08,2019,Lettuce,Genome Edited Lettuce,https://www.aphis.usda.gov/sites/default/files/18-243-01_air_response_signed.pdf,Nonregulated or exempt
USDA,air,18-337-01,2019-04-19,2019,Pennycress,Genome Edited Pennycress Lines Developed with CRISPR,https://www.aphis.usda.gov/sites/default/files/18-337-01_air_response_signed.pdf,Nonregulated or exempt
USDA,air,19-077-01,2019-06-17,2019,Soybean,Genome Edited Soybean with Changes in Petiole Length Developed with CRISPR/Cas9,https://www.aphis.usda.gov/sites/default/files/19-077-01_air_response_signed.pdf,Nonregulated or exempt
USDA,air,19-077-02,2019-06-17,2019,Soybean,Genome Edited Soybean with Changes in Seed Composition Developed with CRISPR/Cas9,https://www.aphis.usda.gov/sites/default/files/19-077-02_air_response_signed.pdf,Nonregulated or exempt
USDA,air,19-095-02,2019-07-02,2019,Tomato,GE Tomato conferred with Virus Resistance,https://www.aphis.usda.gov/sites/default/files/19-095-02_air_response_signed.pdf,Nonregulated or exempt
USDA,air,19-101-01,2019-07-31,2019,Tobacco,Genome Edited Tobacco Lines Developed with CRISPR,https://www.aphis.usda.gov/sites/default/files/19-101-01_air_response_signed.pdf,Nonregulated or exempt
USDA,petitions,17-223-01p,2019-08-01,2019,Soybean,"High Yield, Resistance to Glufosinate/HB4",https://www.aphis.usda.gov/sites/default/files/17_22301p_supplemental.pdf,Deregulated
USDA,petitions,17-321-01p,2019-08-01,2019,Canola,Altered Oil Profile and Resistance to an Imidazolinone/LBFLFK,https://www.aphis.usda.gov/sites/default/files/BRS_20190404.pdf,Deregulated
USDA,air,19-189-01,2020-01-29,2020,Pennycress,Genome Edited Pennycress Lines Developed with CRISPR,https://www.aphis.usda.gov/sites/default/files/19-189-01_air_response_signed.pdf,Nonregulated or exempt
USDA,air,19-218-01,2020-01-29,2020,Pennycress,Genome Edited Pennycress Lines Developed with CRISPR/Cas9,https://www.aphis.usda.gov/sites/default/files/19-218-01_air_response_signed.pdf,Nonregulated or exempt
USDA,air,19-260-01,2020-01-29,2020,Citrus,Genome Edited Citrus with Tolerance to Citrus Canker Developed with CRISPR/Cas9,https://www.aphis.usda.gov/sites/default/files/19-260-01_air_response_signed.pdf,Nonregulated or exempt
USDA,air,19-143-01,2020-02-14,2020,Tomato,Genome Edited Tomato Developed with CRISPR/Cas9,https://www.aphis.usda.gov/sites/default/files/19-143-01_air_response_signed.pdf,Nonregulated or exempt
USDA,air,19-218-02,2020-03-10,2020,Soybean,Genome Edited Soybean Conferred with Resistance to Soybean Cyst Nematode (SCN),https://www.aphis.usda.gov/sites/default/files/19-218-02_air_response_signed.pdf,Nonregulated or exempt
USDA,air,19-218-03,2020-03-10,2020,Soybean,Genome Edited Soybean Conferred with Resistance to Soybean Cyst Nematode (SCN),https://www.aphis.usda.gov/sites/default/files/19-218-03_air_response_signed.pdf,Nonregulated or exempt
USDA,air,19-095-01,2020-03-17,2020,Sugarcane,GE Sugarcane Conferred with Herbicide Resistance,https://www.aphis.usda.gov/sites/default/files/19-095-01_air_response_signed.pdf,Nonregulated or exempt
USDA,air,20-010-01,2020-04-23,2020,Camelina,Genome Edited Camelina Lines Developed with CRISPR/Cas Technology,https://www.aphis.usda.gov/sites/default/files/20-010-01_air_response_signed.pdf,Nonregulated or exempt
USDA,air,19-346-01,2020-05-07,2020,Pennycress,Genome Edited Pennycress Lines Developed with CRISPR/Cas9,https://www.aphis.usda.gov/sites/default/files/19-346-01_air_response_signed.pdf,Nonregulated or exempt
USDA,air,18-351-01,2020-05-22,2020,Flax,Genome Edited Flax with Herbicide Resistance,https://www.aphis.usda.gov/sites/default/files/18-351-01-air-response-signed.pdf,Nonregulated or exempt
USDA,air,18-348-01,2020-05-26,2020,Rice,Genome Edited Rice with Herbicide Resistance,https://www.aphis.usda.gov/sites/default/files/18-348-01-air-response-signed.pdf,Nonregulated or exempt
USDA,air,20-066-01,2020-05-28,2020,Soybean,Genome Edited High Oleic Low Linolenic Soybean,https://www.aphis.usda.gov/sites/default/files/20-066-01-air-response-signed.pdf,Nonregulated or exempt
USDA,air,20-078-01,2020-06-12,2020,Sugarcane,GE Sugarcane with Herbicide Resistance and Suppressed Flowering,https://www.aphis.usda.gov/sites/default/files/20-078-01-air-response-signed.pdf,Nonregulated or exempt
USDA,air,19-282-01,2020-07-01,2020,Tomato,Genome Edited J2 Knockout Tomato Lines,https://www.aphis.usda.gov/sites/default/files/19-282-01-air-response-signed.pdf,Nonregulated or exempt
USDA,air,20-093-01,2020-07-21,2020,Soybean,Genome Edited Soybean with High Oleic Acid Content,https://www.aphis.usda.gov/sites/default/files/20-093-01-air-response-signed.pdf,Nonregulated or exempt
USDA,air,20-062-02,2020-07-22,2020,Switchgrass,GE Switchgrass with a Rice Transposon,https://www.aphis.usda.gov/sites/default/files/20-062-02-air-response-signed.pdf,Nonregulated or exempt
USDA,air,20-113-01,2020-08-06,2020,Barley,Genome Edited Barley with Naked Caryopsis,https://www.aphis.usda.gov/sites/default/files/20-113-01_air_response_signed.pdf,Nonregulated or exempt
USDA,air,20-168-01,2020-08-06,2020,Potato,Genome Edited Potato with Reduced PPO,https://www.aphis.usda.gov/sites/default/files/20-168-01_air_response_signed.pdf,Nonregulated or exempt
USDA,air,20-168-02,2020-08-06,2020,Potato,Genome Edited Potato with Reduced Glycoalkaloids,https://www.aphis.usda.gov/sites/default/files/20-168-02_air_response_signed.pdf,Nonregulated or exempt
USDA,air,20-168-03,2020-08-06,2020,Potato,Genome Edited Potato with Higher Tuber Set,https://www.aphis.usda.gov/sites/default/files/20-168-03_air_response_signed.pdf,Nonregulated or exempt
USDA,air,20-168-06,2020-08-06,2020,Potato,Genome Edited Potato with Reduced PPO and Reduced Glycoalkaloids,https://www.aphis.usda.gov/sites/default/files/20-168-06_air_response_signed.pdf,Nonregulated or exempt
USDA,air,20-168-30,2020-08-06,2020,Corn,Genome Edited Maize Lines,https://www.aphis.usda.gov/sites/default/files/20-168-30_air_response_signed.pdf,Nonregulated or exempt
USDA,air,20-168-31,2020-08-06,2020,Soybean,Genome Edited Soybean Lines,https://www.aphis.usda.gov/sites/default/files/20-168-31_air_response_signed.pdf,Nonregulated or exempt
USDA,air,20-168-32,2020-08-06,2020,Tomato,Genome Edited Tomato Lines,https://www.aphis.usda.gov/sites/default/files/20-168-32_air_response_signed.pdf,Nonregulated or exempt
USDA,air,20-168-33,2020-08-06,2020,Potato,Genome Edited Potato with Reduced Vacuolar Invertase,https://www.aphis.usda.gov/sites/default/files/20-168-33_air_response_signed.pdf,Nonregulated or exempt
USDA,air,20-168-34,2020-08-06,2020,Potato,Genome Edited Potato with Self-compatibility,https://www.aphis.usda.gov/sites/default/files/20-168-34_air_response_signed.pdf,Nonregulated or exempt
USDA,air,20-140-01,2020-08-12,2020,Tomato,Genome Edited Tomato with Increased - Aminobutyric Acid (GABA),https://www.aphis.usda.gov/sites/default/files/20-140-01_air_response_signed.pdf,Nonregulated or exempt
USDA,air,20-149-01,2020-08-12,2020,Tomato,Genome Edited Tomato with Architectures Suitable for Urban Farming,https://www.aphis.usda.gov/sites/default/files/20-149-01_air_response_signed.pdf,Nonregulated or exempt
USDA,air,20-163-02,2020-08-12,2020,Canola,Genome Edited Canola with Altered Oil Content,https://www.aphis.usda.gov/sites/default/files/20-163-02_air_response_signed.pdf,Nonregulated or exempt
USDA,air,20-160-01,2020-08-18,2020,Canola,Genome Edited Canola with Reduced Pod Shatter,https://www.aphis.usda.gov/sites/default/files/20-160-01_air_response_signed.pdf,Nonregulated or exempt
USDA,air,20-168-04,2020-08-18,2020,Canola,Genome Edited Canola with Increased Oleic Acid,https://www.aphis.usda.gov/sites/default/files/20-168-04_air_response_signed.pdf,Nonregulated or exempt
USDA,air,20-062-03,2020-08-24,2020,Switchgrass,GE Switchgrass for use as Sustainable Feedstocks,https://www.aphis.usda.gov/sites/default/files/20-062-03_air_response_signed.pdf,Nonregulated or exempt
USDA,air,20-062-04,2020-08-24,2020,Switchgrass,Genome Edited Switchgrass for use as Sustainable Feedstocks,https://www.aphis.usda.gov/sites/default/files/20-062-04_air_response_signed.pdf,Nonregulated or exempt
USDA,air,20-142-01,2020-08-24,2020,Pennycress,Genome Edited Pennycress Lines,https://www.aphis.usda.gov/sites/default/files/20-142-01_air_response_signed.pdf,Nonregulated or exempt
USDA,air,20-143-01,2020-08-24,2020,Rice,Genome Edited Rice with Resistance to Bacterial Blight,https://www.aphis.usda.gov/sites/default/files/20-143-01_air_response_signed.pdf,Nonregulated or exempt
USDA,air,20-092-01,2020-08-27,2020,Soybean,GE Soybean with Increased Carbon Flux,https://www.aphis.usda.gov/sites/default/files/20-092-01_air_response_signed.pdf,Nonregulated or exempt
USDA,petitions,19-099-02p (Extension of 14-093-01p),2020-08-28,2020,Potato,"Late Blight Protection, Low Acrylamide Potential, Lowered Reducing Sugars, and Reduced Black Spot/Z6",https://www.aphis.usda.gov/sites/default/files/19-099-02p-froced.pdf,Deregulated
USDA,air,20-169-04,2020-08-28,2020,Soybean,GE Soybean with Increased Ketocarotenoids,https://www.aphis.usda.gov/sites/default/files/20-169-04_air_response_signed.pdf,Nonregulated or exempt
USDA,air,20-051-01,2020-08-31,2020,Pennycress,Genome Edited Pennycress,https://www.aphis.usda.gov/sites/default/files/20-051-01_air_response_signed.pdf,Nonregulated or exempt
USDA,air,20-167-01,2020-08-31,2020,Rice,Genome Edited Rice with Herbicide Resistance,https://www.aphis.usda.gov/sites/default/files/20-167-01_air_response_signed.pdf,Nonregulated or exempt
USDA,air,20-168-08,2020-08-31,2020,Canola,Genome Edited Canola with Herbicide Resistance,https://www.aphis.usda.gov/sites/default/files/20-168-08_air_response_signed.pdf,Nonregulated or exempt
USDA,air,20-168-10,2020-08-31,2020,Canola,Genome Edited Canola with Fungal Resistance,https://www.aphis.usda.gov/sites/default/files/20-168-10_air_response_signed.pdf,Nonregulated or exempt
USDA,air,20-168-11,2020-08-31,2020,Canola,Genome Edited Canola with Fungal Resistance,https://www.aphis.usda.gov/sites/default/files/20-168-11_air_response_signed.pdf,Nonregulated or exempt
USDA,air,20-168-13,2020-08-31,2020,Canola,Genome Edited Canola with Fungal Resistance,https://www.aphis.usda.gov/sites/default/files/20-168-13_air_response_signed.pdf,Nonregulated or exempt
USDA,air,20-168-15,2020-08-31,2020,Canola,Genome Edited Canola with Fungal Resistance,https://www.aphis.usda.gov/sites/default/files/20-168-15_air_response_signed.pdf,Nonregulated or exempt
USDA,air,20-168-16,2020-08-31,2020,Sugarcane,GE Sugarcane with Suppressed Flowering,https://www.aphis.usda.gov/sites/default/files/20-168-16_air_response_signed.pdf,Nonregulated or exempt
USDA,air,20-168-17,2020-08-31,2020,Canola,Genome Edited Canola with Fungal Resistance,https://www.aphis.usda.gov/sites/default/files/20-168-17_air_response_signed.pdf,Nonregulated or exempt
USDA,air,20-168-18,2020-08-31,2020,Canola,Genome Edited Canola with Fungal Resistance,https://www.aphis.usda.gov/sites/default/files/20-168-18_air_response_signed.pdf,Nonregulated or exempt
USDA,air,20-168-19,2020-08-31,2020,Canola,Genome Edited Canola with Fungal Resistance,https://www.aphis.usda.gov/sites/default/files/20-168-19_air_response_signed.pdf,Nonregulated or exempt
USDA,air,20-168-21,2020-08-31,2020,Bahiagrass,GE Bahiagrass with Elevated Triacyl Glycerol,https://www.aphis.usda.gov/sites/default/files/20-168-21_air_response_signed.pdf,Nonregulated or exempt
USDA,air,20-168-22,2020-08-31,2020,Sugarcane,GE Sugarcane with Elevated Triacyl Glycerol,https://www.aphis.usda.gov/sites/default/files/20-168-22_air_response_signed.pdf,Nonregulated or exempt
USDA,air,20-168-24,2020-08-31,2020,Canola,Genome Edited Canola with Fungal Resistance,https://www.aphis.usda.gov/sites/default/files/20-168-24_air_response_signed.pdf,Nonregulated or exempt
USDA,air,20-147-01,2020-09-03,2020,Soybean,Genome Edited Soybean with Changes in Leaf Size and Seed Weight,https://www.aphis.usda.gov/sites/default/files/20-147-01_air_response_signed.pdf,Nonregulated or exempt
USDA,air,20-147-02,2020-09-03,2020,Soybean,Genome Edited Soybean with Altered Seed Composition,https://www.aphis.usda.gov/sites/default/files/20-147-02_air_response_signed.pdf,Nonregulated or exempt
USDA,air,20-168-09,2020-09-04,2020,Canola,Genome Edited Canola with Altered Meal Qualities,https://www.aphis.usda.gov/sites/default/files/20-168-09_air_response_signed.pdf,Nonregulated or exempt
USDA,air,20-168-12,2020-09-04,2020,Corn,Genome Edited Corn with Increased Grain Yield,https://www.aphis.usda.gov/sites/default/files/20-168-12_air_response_signed.pdf,Nonregulated or exempt
USDA,air,20-168-14,2020-09-08,2020,Soybean,Genome Edited Soybean with Increased Oil and Protein Content,https://www.aphis.usda.gov/sites/default/files/20-168-14_air_response_signed.pdf,Nonregulated or exempt
USDA,air,20-168-20,2020-09-08,2020,Corn,Genome Edited Corn with Enhanced Yield Potential,https://www.aphis.usda.gov/sites/default/files/20-168-20_air_response_signed.pdf,Nonregulated or exempt
USDA,air,20-168-23,2020-09-08,2020,Corn,Genome Edited Corn with Improved Drought Tolerance and Yield Stability,https://www.aphis.usda.gov/sites/default/files/20-168-23_air_response_signed.pdf,Nonregulated or exempt
USDA,petitions,19-101-01p,2020-12-14,2020,Corn,"High Yield, Resistance to Glufosinate/DP202216",https://www.regulations.gov/docket/APHIS-2019-0040/document,Deregulated
USDA,petitions,19-091-01p,2021-01-12,2021,Cotton,Insect Resistance,https://www.regulations.gov/docket/APHIS-2019-0050/document,Deregulated
USDA,confirmations,20-358-01cr,2021-04-28,2021,Camelina,CBI,https://www.aphis.usda.gov/sites/default/files/20-358-01cr_response_signed.pdf,Nonregulated or exempt
USDA,confirmations,20-317-01cr,2021-05-03,2021,Soybean,Herbicide Resistant,https://www.aphis.usda.gov/sites/default/files/20-317-01cr_response_signed.pdf,Nonregulated or exempt
USDA,confirmations,21-105-01cr,2021-05-20,2021,Apple,Altered Fruit Quality,https://www.aphis.usda.gov/sites/default/files/21-105-01cr_response_signed.pdf,Nonregulated or exempt
USDA,petitions,20-043-01.ext,2021-05-21,2021,Corn,"Male Sterile, Fertility Restored, Visual Marker/DP56113",https://www.aphis.usda.gov/sites/default/files/20-043-01ext-pprsa-determination.pdf,Deregulated
USDA,confirmations,21-211-01cr,2021-08-31,2021,Cotton,Insect Resistant,https://www.aphis.usda.gov/sites/default/files/21-211-01cr-response-signed.pdf,Nonregulated or exempt
USDA,petitions,19-176-01p,2021-09-21,2021,Corn,Producing Phytase/Maize Event PY203,https://www.regulations.gov/docket/APHIS-2019-0084/document,Deregulated
USDA,petitions,20-213-01ext,2021-09-22,2021,Apple,Non-Browning/PG451,https://www.aphis.usda.gov/sites/default/files/20-213-01ext_det-pprsa.pdf,Deregulated
USDA,confirmations,21-141-01cr,2021-10-20,2021,Potato,Altered Tuber Quality,https://www.aphis.usda.gov/sites/default/files/21-141-01cr-response-signed.pdf,Nonregulated or exempt
USDA,confirmations,21-271-01cr,2021-11-23,2021,Corn,Altered Seed Nutrient Availability,https://www.aphis.usda.gov/sites/default/files/21-271-01cr_response_signed.pdf,Nonregulated or exempt
USDA,confirmations,21-264-01cr,2021-12-28,2021,Soybean,Herbicide Resistant,https://www.aphis.usda.gov/sites/default/files/21-264-01cr-response-signed.pdf,Nonregulated or exempt
USDA,confirmations,21-264-02cr,2021-12-28,2021,Cotton,Herbicide Resistant,https://www.aphis.usda.gov/sites/default/files/21-264-02cr-response-signed.pdf,Nonregulated or exempt
USDA,petitions,19-317-01p,2022-03-09,2022,Soybean,GMB 151,https://www.regulations.gov/docket/APHIS-2020-0023/document,Deregulated
USDA,confirmations,21-356-01cr,2022-03-29,2022,Banana,Altered Fruit Quality,https://www.aphis.usda.gov/sites/default/files/21-356-01cr-response-signed.pdf,Nonregulated or exempt
USDA,confirmations,22-130-01cr,2022-08-09,2022,Barley,Altered Germination,https://www.aphis.usda.gov/sites/default/files/22-130-01cr-response-signed.pdf,Nonregulated or exempt
USDA,confirmations,22-151-01cr,2022-08-18,2022,Alfalfa,Herbicide Resistant,https://www.aphis.usda.gov/sites/default/files/22-151-01cr-response-signed.pdf,Nonregulated or exempt
USDA,rsr,21-166-01rsr,2022-09-06,2022,Tomato,"Product quality and marker gene; Purple fruit color and increased anthocyanin in fruits, resistance to kanamycin and neomycin; Fruit-specific expression of theA Antirrhinum majusA Del and Ros1 transcription factors, Neomycin phosphotransferase (NPTII)",https://www.aphis.usda.gov/sites/default/files/21-166-01rsr-review-response.pdf,Nonregulated or exempt
USDA,confirmations,22-201-01cr,2022-09-06,2022,Sorghum,Herbicide Resistant,https://www.aphis.usda.gov/sites/default/files/22-201-01cr-response-signed.pdf,Nonregulated or exempt
USDA,rsr,21-152-01rsr,2022-09-29,2022,Corn,Altered enzyme levels and marker gene (carbon source); Increased beta-glucanase and carbon source (Mannose) used as a selectable marker; Seed-specific expression and endoplasmic reticulum localization of a thermostable beta-glucanase that hydrolyzes glycosidic bonds of glucans and mannans and PMI (phosphomannose isomerase) catalyzes the reversible conversion of mannose 6-phosphate and fructose 6-phosphate,https://www.aphis.usda.gov/sites/default/files/21-152-01rsr-review-response.pdf,Nonregulated or exempt
USDA,rsr,21-245-01rsr,2022-09-29,2022,Potato,Altered tuber quality; Reduced enzymatic browning; Knockout of a polyphenol oxidase gene (StPPO2) expressed primarily in tubers,https://www.aphis.usda.gov/sites/default/files/21-245-01rsr-review-response.pdf,Nonregulated or exempt
USDA,confirmations,22-213-01cr,2022-10-07,2022,Blackberry,Altered growth habit,https://www.aphis.usda.gov/sites/default/files/22-213-01cr-response-signed.pdf,Nonregulated or exempt
USDA,confirmations,22-213-02cr,2022-10-07,2022,Mustard,Reduced pungency,https://www.aphis.usda.gov/sites/default/files/22-213-02cr-response-signed.pdf,Nonregulated or exempt
USDA,confirmations,22-213-03cr,2022-10-07,2022,Blackberry,Altered growth habit,https://www.aphis.usda.gov/sites/default/files/22-213-03cr-response-signed.pdf,Nonregulated or exempt
USDA,confirmations,22-213-04cr,2022-10-07,2022,Mustard,Reduced trichome,https://www.aphis.usda.gov/sites/default/files/22-213-04cr-response-signed.pdf,Nonregulated or exempt
USDA,confirmations,22-207-01cr,2022-10-11,2022,Soybean,Altered Seed Morphology and Composition,https://www.aphis.usda.gov/sites/default/files/22-207-01cr-response-signed.pdf,Nonregulated or exempt
USDA,confirmations,22-207-02cr,2022-10-11,2022,Soybean,Altered Seed Morphology and Composition,https://www.aphis.usda.gov/sites/default/files/22-207-02cr-response-signed.pdf,Nonregulated or exempt
USDA,confirmations,22-207-03cr,2022-10-11,2022,Soybean,Altered Seed Morphology and Composition,https://www.aphis.usda.gov/sites/default/files/22-207-03cr-response-signed.pdf,Nonregulated or exempt
USDA,confirmations,22-207-04cr,2022-10-11,2022,Soybean,Altered Flavor,https://www.aphis.usda.gov/sites/default/files/22-207-04cr-response-signed.pdf,Nonregulated or exempt
USDA,rsr,21-257-01rsr,2022-10-20,2022,Corn,Altered peroxidase and herbicide resistance; Manganese peroxidase production and Resistance to glufosinate; Embryo-preferred expression of manganese peroxidase and bar/PAT (phosphinothricin N-acetyltransferase) confers resistance to glufosinate by catalyzing the conversion of L-phosphinothricin (L-PPT) to a non-phytotoxic form (N-acetylphosphinothricin),https://www.aphis.usda.gov/sites/default/files/21-257-01rsr-review-response.pdf,Nonregulated or exempt
USDA,rsr,21-270-01rsr,2022-10-20,2022,Potato,"Altered tuber quality, altered tuber sugar profile, herbicide resistance, fungal resistance, and virus resistance, resistance to potato late blight; Reduced black spot, Reduced glucose and fructose content in tubers, Resistance to ALS/AHAS inhibitor herbicides, Resistance to potato late blight and Resistance to Potato virus Y (PVY); Tuber specific RNAi mediated silencing of Ppo5 (polyphenol oxidase-5) gene; Tuber-specific RNAi mediated silencing of VInv (vacuolar invertase) gene decreases VInv protein expression, resulting in less hydrolysis of sucrose to glucose and fructose; An insensitive form of Acetolactate synthase (ALS)/Acetohydroxy acid synthase (AHAS) with a decreased binding affinity to certain ALS/AHAS inhibitor herbicides; Expression of three resistance genes toA Phytophtora infestans: (Rpi)A Rpi-vnt1, Rpi-amr3, Rpi-blb2A encoding resistance (R) proteins that recognize effector protein secreted byA Phytophthora infestansA and signal a hypersensitive response that destroys infected tissue through programmed cell death, restricting growth and spread of the pathogen to other parts of the plant; and RNAi mediated silencing of PVY coat protein gene<sup>1</sup>",https://www.aphis.usda.gov/sites/default/files/21-270-01rsr-review-response.pdf,Nonregulated or exempt
USDA,confirmations,22-250-01cr,2022-11-04,2022,Rice,Altered Reproductive Function,https://www.aphis.usda.gov/sites/default/files/22-250-01cr-response-signed.pdf,Nonregulated or exempt
USDA,rsr,21-117-01rsr,2022-12-07,2022,Soybean,Altered seed oil profile and protein content; Increased Seed Oil and Protein Content; Co-expression of oil synthesizing enzyme and oil encapsulating protein in green tissues resulting in elevated photosynthesis,https://www.aphis.usda.gov/sites/default/files/21-117-01rsr-review-response.pdf,Nonregulated or exempt
USDA,confirmations,22-269-02cr,2022-12-19,2022,Cotton,Herbicide Resistant,https://www.aphis.usda.gov/sites/default/files/22-269-02cr-response-signed.pdf,Nonregulated or exempt
USDA,confirmations,22-311-01cr,2022-12-19,2022,Citrus,Disease Resistant,https://www.aphis.usda.gov/sites/default/files/22-311-01cr-response-signed.pdf,Nonregulated or exempt
USDA,confirmations,22-276-01cr,2022-12-27,2022,Rice,Herbicide Resistant,https://www.aphis.usda.gov/sites/default/files/22-276-01cr-response-signed.pdf,Nonregulated or exempt
USDA,confirmations,22-269-01cr,2023-01-04,2023,Soybean,Herbicide Resistant,https://www.aphis.usda.gov/sites/default/files/22-269-01cr-response-signed.pdf,Nonregulated or exempt
USDA,confirmations,22-336-01cr,2023-02-21,2023,Pennycress,Altered Seed Composition,https://www.aphis.usda.gov/sites/default/files/22-336-01cr-response-signed.pdf,Nonregulated or exempt
USDA,confirmations,22-336-02cr,2023-02-21,2023,Pennycress,Altered Seed Composition,https://www.aphis.usda.gov/sites/default/files/22-336-02cr-response-signed.pdf,Nonregulated or exempt
USDA,confirmations,23-033-02cr,2023-03-21,2023,Rice,Herbicide Resistant,https://www.aphis.usda.gov/sites/default/files/23-033-02cr-response-signed.pdf,Nonregulated or exempt
USDA,rsr,22-013-01rsr,2023-03-31,2023,Teff,"Resistance to lodging; Reduced plant height; Loss-of-function mutation ofA dwarfing1A (A DW1) gene which encodes a protein involved in signaling of the plant hormone brassinosteroid, Loss-of-function mutation ofA dwarfing3 (DW3) gene which encodes an auxin efflux transport protein, and Loss-of-function mutation ofA semidwarf1A (SD1) gene which encodes an enzyme involved in the biosynthetic pathway of the plant hormone gibberellin",https://www.aphis.usda.gov/sites/default/files/22-013-01rsr-review-response.pdf,Nonregulated or exempt
USDA,rsr,22-145-01rsr,2023-03-31,2023,Safflower,Altered seed oil profile and herbicide resistance; Production of gamma-linolenic acid and resistance to glufosinate; Seed-specific expression of delta-6 desaturase catalyzes LA (linoleic acid) to GLA (gamma-linolenic acid) and bar/PAT (phosphinothricin N-acetyltransferase) confers resistance to glufosinate by catalyzing the conversion of L-phosphinothricin (L-PPT) to a non-phytotoxic form (N-acetylphosphinothricin),https://www.aphis.usda.gov/sites/default/files/22-145-01rsr-review-response.pdf,Nonregulated or exempt
USDA,confirmations,22-357-01cr,2023-04-11,2023,Soybean,Altered Yield Characteristics,https://www.aphis.usda.gov/sites/default/files/22-357-01cr-response-signed.pdf,Nonregulated or exempt
USDA,confirmations,23-062-01cr,2023-04-11,2023,Corn,Altered Reproductive Function,https://www.aphis.usda.gov/sites/default/files/23-062-01cr-response-signed.pdf,Nonregulated or exempt
USDA,confirmations,23-023-01cr,2023-04-19,2023,Soybean,Altered Seed Composition,https://www.aphis.usda.gov/sites/default/files/23-023-01cr-response-signed.pdf,Nonregulated or exempt
USDA,confirmations,23-023-02cr,2023-04-19,2023,Soybean,Altered Seed Composition,https://www.aphis.usda.gov/sites/default/files/23-023-02cr-response-signed.pdf,Nonregulated or exempt
USDA,confirmations,23-033-01cr,2023-04-19,2023,Soybean,Altered Seed Composition,https://www.aphis.usda.gov/sites/default/files/23-033-01cr-response-signed.pdf,Nonregulated or exempt
USDA,confirmations,23-054-01cr,2023-04-20,2023,Apple,Altered Fruit Quality,https://www.aphis.usda.gov/sites/default/files/23-054-01cr-response-signed.pdf,Nonregulated or exempt
USDA,confirmations,22-329-01cr,2023-04-28,2023,Sorghum,Herbicide Resistant,https://www.aphis.usda.gov/sites/default/files/22-329-01cr-response-signed.pdf,Nonregulated or exempt
USDA,confirmations,23-060-01cr,2023-05-02,2023,Potato,Altered Tuber Quality,https://www.aphis.usda.gov/sites/default/files/23-060-01cr-signed-response.pdf,Nonregulated or exempt
USDA,confirmations,23-107-01cr,2023-05-31,2023,Pennycress,Altered Seed Composition,https://www.aphis.usda.gov/sites/default/files/23-107-01cr-signed-response.pdf,Nonregulated or exempt
USDA,confirmations,23-107-02cr,2023-05-31,2023,Pennycress,Altered Pod Composition,https://www.aphis.usda.gov/sites/default/files/23-107-02cr-signed-response.pdf,Nonregulated or exempt
USDA,confirmations,23-072-01cr,2023-06-01,2023,Blackberry,Thornless,https://www.aphis.usda.gov/sites/default/files/23-072-01cr-signed-response.pdf,Nonregulated or exempt
USDA,confirmations,23-072-02cr,2023-06-01,2023,Blackberry,CBI,https://www.aphis.usda.gov/sites/default/files/23-072-02cr-signed-response.pdf,Nonregulated or exempt
USDA,confirmations,23-072-03cr,2023-06-01,2023,Blackberry,Thornless,https://www.aphis.usda.gov/sites/default/files/23-072-03cr-signed-response.pdf,Nonregulated or exempt
USDA,confirmations,23-072-04cr,2023-06-01,2023,Blackberry,Thornless,https://www.aphis.usda.gov/sites/default/files/23-072-04cr-signed-response.pdf,Nonregulated or exempt
USDA,confirmations,23-072-05cr,2023-06-01,2023,Blackberry,Seedless,https://www.aphis.usda.gov/sites/default/files/23-072-05cr-signed-response.pdf,Nonregulated or exempt
USDA,confirmations,23-072-06cr,2023-06-01,2023,Blackberry,Seedless,https://www.aphis.usda.gov/sites/default/files/23-072-06cr-signed-response.pdf,Nonregulated or exempt
USDA,confirmations,23-072-07cr,2023-06-01,2023,Blackberry,Seedless,https://www.aphis.usda.gov/sites/default/files/23-072-07cr-signed-response.pdf,Nonregulated or exempt
USDA,confirmations,23-072-08cr,2023-06-01,2023,Blackberry,Thornless,https://www.aphis.usda.gov/sites/default/files/23-072-08cr-signed-response.pdf,Nonregulated or exempt
USDA,rsr,22-152-01rsr,2023-06-06,2023,Corn,"Altered plant architecture; Reduced plant height; Partial or complete loss of expression of the GA20ox3 and GA20ox5 genes, which encode GA 20-oxidase, an enzyme involved in the biosynthetic pathway of the plant hormone gibberellin",https://www.aphis.usda.gov/sites/default/files/22-152-01rsr-review-response.pdf,Nonregulated or exempt
USDA,rsr,22-224-01rsr,2023-06-23,2023,Potato,"Altered nutritional profile; Increased concentration of beta-carotene in tubers; Partial or complete loss of expression of an endogenous enzyme that converts beta-carotene to zeaxanthin, resulting in accumulation of beta-carotene in tubers<sup>2</sup>",https://www.aphis.usda.gov/sites/default/files/22-224-01rsr-review-response.pdf,Nonregulated or exempt
USDA,rsr,22-235-01rsr,2023-06-23,2023,Soybean,"Altered appearance, marker gene (antibiotic resistance); Fluorescence induced by pathogen attack, Resistance to antibiotics claimed as CBI; Pathogen-induced expression of lanFP1 resulting in production of a fluorescent protein, CBI",https://www.aphis.usda.gov/sites/default/files/22-235-01rsr-review-response.pdf,Nonregulated or exempt
USDA,rsr,22-276-01rsr,2023-06-23,2023,Soybean,"Altered appearance, marker gene (antibiotic resistance); Fluorescence, Resistance to antibiotics claimed as CBI; Constitutive expression of lanFP1 resulting in production of a fluorescent protein, CBI",https://www.aphis.usda.gov/sites/default/files/22-276-01rsr-review-response.pdf,Nonregulated or exempt
USDA,rsr,22-276-02rsr,2023-06-23,2023,Tomato,"Altered appearance, marker gene (antibiotic resistance); Fluorescence, Resistance to kanamycin and neomycin; Constitutive expression of lanFP1 resulting in production of a fluorescent protein, Neomycin phosphotransferase (NPTII) confers resistance to certain antibiotics including kanamycin and neomycin",https://www.aphis.usda.gov/sites/default/files/22-276-02rsr-review-response.pdf,Nonregulated or exempt
USDA,confirmations,23-142-01cr,2023-06-28,2023,Pennycress,Altered Seed Composition,https://www.aphis.usda.gov/sites/default/files/23-142-01cr-signed-response.pdf,Nonregulated or exempt
USDA,confirmations,23-142-02cr,2023-06-28,2023,Pennycress,Altered Seed Composition,https://www.aphis.usda.gov/sites/default/files/23-142-02cr-signed-response.pdf,Nonregulated or exempt
USDA,confirmations,23-114-01cr,2023-08-08,2023,Tomato,Altered Fruit Characteristics,https://www.aphis.usda.gov/sites/default/files/23-114-01cr-signed-response.pdf,Nonregulated or exempt
USDA,confirmations,23-174-01cr,2023-08-31,2023,Pennycress,Altered Seed Composition,https://www.aphis.usda.gov/sites/default/files/23-174-01cr-signed-response.pdf,Nonregulated or exempt
USDA,confirmations,23-208-01cr,2023-08-31,2023,Pennycress,Altered Seed Composition,https://www.aphis.usda.gov/sites/default/files/23-208-01cr-signed-response.pdf,Nonregulated or exempt
USDA,confirmations,23-209-02cr,2023-08-31,2023,Corn,Altered Yield Characteristics,https://www.aphis.usda.gov/sites/default/files/23-209-02cr-signed-response.pdf,Nonregulated or exempt
USDA,rsr,22-054-01rsr,2023-09-01,2023,Walnut,"1) Bacterial resistance; 2) Marker gene (antibiotic resistance); 3) Marker gene (color marker); 1) Resistance to crown gall disease; 2) Resistance to kanamycin and neomycin; 3) Blue screenable marker; 1)RNAi mediated silencing of tryptophan 2-monooxygenase (iaaM) to confer resistance to crown gall disease 2)A RNAi mediated silencing of isopentenyltransferase (ipt) to confer resistance to crown gall disease; 3) Neomycin phosphotransferase (NPTII) confers resistance to certain antibiotics including kanamycin and neomycin 4) GUS (beta-Glucuronidase) catalyzes the hydrolysis of X-gal, an artificial beta-galactosides, to form intense blue color as indication for gene expression",https://www.aphis.usda.gov/sites/default/files/22-054-01rsr-review-response.pdf,Nonregulated or exempt
USDA,rsr,22-221-01rsr,2023-09-25,2023,Hemp,"1) Altered compositional profile and 2) Herbicide resistance; 1) Reduced tetrahydrocannabinol (THC) and cannabichromene (CBC) in flowers and 2) Resistance to glufosinate; 1) Partial or complete loss of expression of tetrahydrocannabinolic acid synthase and cannabichromenic acid synthase genes, which encode enzymes involved in the cannabinoid synthesis pathway and 2) bar/PAT (phosphinothricin N-acetyltransferase) confers resistance to glufosinate by catalyzing the conversion of L-phosphinothricin (L-PPT) to a non-phytotoxic form (N-acetylphosphinothricin)",https://www.aphis.usda.gov/sites/default/files/22-221-01rsr-review-response.pdf,Nonregulated or exempt
USDA,rsr,23-081-01rsr,2023-09-25,2023,Potato,"Altered tuber sugar profile; Glucose and fructose content; Reduction or loss of VInv (vacuolar invertase) gene expression, results in decreased VInv protein expression and less hydrolysis of sucrose to glucose and fructose",https://www.aphis.usda.gov/sites/default/files/23-081-01rsr-review-response.pdf,Nonregulated or exempt
USDA,rsr,22-069-01rsr,2023-11-14,2023,Pennycress,"Altered product quality; 1) Lowered erucic acid in seeds and 2) Lowered fiber in seeds; 1) Loss ofA fatty acid elongation 1A (FAE1) expression results in decreased protein expression and less conversion of oleic acid to gadoleic acid and erucic acid in seeds, and 2) Loss ofA transparent testa 8A (TT8) expression results in reduced expression of several genes involved in the biosynthesis of proanthocyanidins and reduced fiber content",https://www.aphis.usda.gov/sites/default/files/22-069-01rsr-review-response.pdf,Nonregulated or exempt
USDA,rsr,22-159-01rsr,2023-11-14,2023,Mustard,"1) Altered flavor and 2) Altered texture; 1) Reduced pungency and 2) Reduced trichome production; 1) Reduction or loss of a dioxygenase prevents the hydrolysis of glucoiberin (3-methylsulfinylpropyl glucosinolate) to sinigrin (2-propenyl glucosinolate) and 2) Reduction or loss of a transcription factor prevents cell expansion, branching, and maturation of the trichome cell wall<sup>2</sup>",https://www.aphis.usda.gov/sites/default/files/22-159-01rsr-review-response.pdf,Nonregulated or exempt
USDA,rsr,22-174-01rsr,2023-11-14,2023,Camelina,Herbicide resistance; Resistance to glufosinate; bar/PATA (phosphinothricin N-acetyltransferase) confers resistance to glufosinate by catalyzing the conversion of L-phosphinothricin (L-PPT) to a non-phytotoxic form (N-acetylphosphinothricin),https://www.aphis.usda.gov/sites/default/files/22-174-01rsr-review-response.pdf,Nonregulated or exempt
USDA,rsr,22-203-01rsr,2023-11-14,2023,Soybean,"Herbicide resistance; 1) Resistance to glufosinate 2) Resistance to dicamba 3) Resistance to 2,4-D and 4) Resistance to mesotrione; 1)A bar/PATA (phosphinothricin N-acetyltransferase) confers resistance to glufosinate by catalyzing the conversion of L-phosphinothricin (L-PPT) to a non-phytotoxic form (N-acetylphosphinothricin), 2) DMO (Dicamba mono-oxygenase) confers resistance to dicamba by catalyzing its breakdown into non-phytotoxic forms (3,6 dichlorosalicylic acid (DCSA) and formaldehyde), 3) Modified versions of dichlorophenoxypropionate dioxygenases confers resistance to 2,4-D herbicides by degrading it to herbicidally-inactive 2,4-dichlorophenol (DCP) and 4) Triketone dioxygenase protein (TDO) confers resistance to mesotrione (and other beta-triketone HPPD inhibitor herbicides) by catalyzing their breakdown into non-phytotoxic forms",https://www.aphis.usda.gov/sites/default/files/22-203-01rsr-review-response.pdf,Nonregulated or exempt
USDA,rsr,22-238-01rsr,2023-11-14,2023,Banana,1) Altered fruit quality and 2) Marker gene; 1) Reduced browning and 2) Resistance to a compound; 1) Loss of function of aA PPOA gene expressed primarily in peels and 2) Base substitutions in an endogenous gene confer resistance to a compound claimed as CBI,https://www.aphis.usda.gov/sites/default/files/22-238-01rsr-review-response.pdf,Nonregulated or exempt
USDA,rsr,23-087-01rsr,2023-11-14,2023,Corn,Altered appearance; Color change induced by pathogen attack; Pathogen-induced expression of a corn anthocyaninA ,https://www.aphis.usda.gov/sites/default/files/23-087-01rsr-review-response.pdf,Nonregulated or exempt
USDA,rsr,23-096-01rsr,2023-11-14,2023,Camelina,Herbicide resistance; 1) Resistance to glufosinate and 2) Resistance to ALS/AHAS inhibitor herbicides; 1)A bar/PATA (phosphinothricin N-acetyltransferase) confers resistance to glufosinate by catalyzing the conversion of L-phosphinothricin (L-PPT) to a non-phytotoxic form (N-acetylphosphinothricin) and 2) An insensitive form of Acetolactate synthase (ALS)/Acetohydroxyacid synthase (AHAS) with a decreased binding affinity to certain ALS/AHAS inhibitor herbicides,https://www.aphis.usda.gov/sites/default/files/23-096-01rsr-review-response.pdf,Nonregulated or exempt
USDA,rsr,23-096-02rsr,2023-11-14,2023,Camelina,Herbicide resistance; 1) Resistance to glufosinate and 2) Resistance to ALS/AHAS inhibitor herbicides; 1)A bar/PATA (phosphinothricin N-acetyltransferase) confers resistance to glufosinate by catalyzing the conversion of L-phosphinothricin (L-PPT) to a non-phytotoxic form (N-acetylphosphinothricin) and 2) An insensitive form of Acetolactate synthase (ALS)/Acetohydroxyacid synthase (AHAS) with a decreased binding affinity to certain ALS/AHAS inhibitor herbicides,https://www.aphis.usda.gov/sites/default/files/23-096-02rsr-review-response.pdf,Nonregulated or exempt
USDA,rsr,23-096-03rsr,2023-11-14,2023,Camelina,Herbicide resistance; 1) Resistance to glufosinate and 2) Resistance to ALS/AHAS inhibitor herbicides; 1)A bar/PATA (phosphinothricin N-acetyltransferase) confers resistance to glufosinate by catalyzing the conversion of L-phosphinothricin (L-PPT) to a non-phytotoxic form (N-acetylphosphinothricin) and 2) An insensitive form of Acetolactate synthase (ALS)/Acetohydroxyacid synthase (AHAS) with a decreased binding affinity to certain ALS/AHAS inhibitor herbicides,https://www.aphis.usda.gov/sites/default/files/23-096-03rsr-review-response.pdf,Nonregulated or exempt
USDA,rsr,23-101-01rsr,2023-11-14,2023,Corn,Altered plant architecture; ; Upregulation of a maize gene leads to an altered plant response to the gibberellin hormones,https://www.aphis.usda.gov/sites/default/files/23-101-01rsr-review-response.pdf,Nonregulated or exempt
USDA,rsr,23-179-01rsr,2023-11-14,2023,Corn,"1) Altered enzyme levels and 2) Herbicide resistance; 1) Beta-mannanase production and 2) Resistance to glufosinate; 1) Production of a secreted endo-beta-1,4-mannanase in the embryo ofA Zea maysA and 2)A bar/PATA (phosphinothricin N-acetyltransferase) confers resistance to glufosinate by catalyzing the conversion of L-phosphinothricin (L-PPT) to a non-phytotoxic form (N-acetylphosphinothricin)",https://www.aphis.usda.gov/sites/default/files/23-179-01rsr-review-response.pdf,Nonregulated or exempt
USDA,rsr,23-216-01rsr,2023-11-14,2023,Soybean,Herbicide resistanceA ; Resistance to auxin mimic herbicides; Alteration of a native auxin response repressor protein to be insensitive to auxin-mediated degradation,https://www.aphis.usda.gov/sites/default/files/23-216-01rsr-review-response.pdf,Nonregulated or exempt
USDA,confirmations,23-268-01cr,2023-11-14,2023,Soybean,Altered Flavor,https://www.aphis.usda.gov/sites/default/files/23-268-01cr-signed-response.pdf,Nonregulated or exempt
USDA,confirmations,23-268-02cr,2023-11-14,2023,Soybean,Altered Flavor,https://www.aphis.usda.gov/sites/default/files/23-268-02cr-signed-response.pdf,Nonregulated or exempt
USDA,confirmations,23-268-03cr,2023-11-14,2023,Soybean,Altered Seed Composition,https://www.aphis.usda.gov/sites/default/files/23-268-03cr-signed-response.pdf,Nonregulated or exempt
USDA,confirmations,23-268-04cr,2023-11-14,2023,Soybean,Altered Seed Composition,https://www.aphis.usda.gov/sites/default/files/23-268-04cr-signed-response.pdf,Nonregulated or exempt
USDA,confirmations,23-268-05cr,2023-11-14,2023,Soybean,Altered Seed Composition,https://www.aphis.usda.gov/sites/default/files/23-268-05cr-signed-response.pdf,Nonregulated or exempt
USDA,confirmations,23-268-06cr,2023-11-14,2023,Soybean,Altered Seed Composition,https://www.aphis.usda.gov/sites/default/files/23-268-06cr-signed-response.pdf,Nonregulated or exempt
USDA,confirmations,23-268-07cr,2023-11-14,2023,Soybean,Altered Seed Composition,https://www.aphis.usda.gov/sites/default/files/23-268-07cr-signed-response.pdf,Nonregulated or exempt
USDA,confirmations,23-275-01cr,2023-11-14,2023,Soybean,Altered Seed Composition,https://www.aphis.usda.gov/sites/default/files/23-275-01cr-signed-response.pdf,Nonregulated or exempt
USDA,confirmations,23-275-02cr,2023-11-14,2023,Soybean,Altered Seed Composition,https://www.aphis.usda.gov/sites/default/files/23-275-02cr-signed-response.pdf,Nonregulated or exempt
USDA,petitions,20-203-01p,2023-11-30,2023,Corn,Insect and Glufosinate-Resistant/DP23211,https://www.regulations.gov/docket/APHIS-2020-0098/document,Deregulated
USDA,rsr,23-208-01rsr,2023-12-21,2023,Corn,Herbicide resistance; Resistance to protoporphyrinogen IX oxidase inhibiting herbicides; An insensitive form of protoporphyrinogen IX oxidase (PPO) protein with a decreased binding affinity for PPO inhibitor herbicides,https://www.aphis.usda.gov/sites/default/files/23-208-01rsr-response.pdf,Nonregulated or exempt
USDA,rsr,23-216-02rsr,2023-12-21,2023,Cotton,Herbicide resistance; Resistance to auxin mimic herbicides; Alteration of two native auxin response repressor proteins to be insensitive to auxin-mediated degradation,https://www.aphis.usda.gov/sites/default/files/23-216-02rsr-response.pdf,Nonregulated or exempt
USDA,rsr,23-219-01rsr,2023-12-21,2023,Soybean,Herbicide resistance; Resistance to protoporphyrinogen IX oxidase inhibiting herbicides; An insensitive form of protoporphyrinogen IX oxidase (PPO) protein with a decreased binding affinity for PPO inhibitor herbicides,https://www.aphis.usda.gov/sites/default/files/23-219-01rsr-response.pdf,Nonregulated or exempt
USDA,rsr,23-226-01rsr,2023-12-21,2023,Soybean,Herbicide resistance; Resistance to protoporphyrinogen IX oxidase inhibiting herbicides; An insensitive form of protoporphyrinogen IX oxidase (PPO) protein with a decreased binding affinity for PPO inhibitor herbicides,https://www.aphis.usda.gov/sites/default/files/23-226-01rsr-response.pdf,Nonregulated or exempt
USDA,confirmations,23-305-01cr,2023-12-28,2023,Pea,Altered Antinutrient Composition,https://www.aphis.usda.gov/sites/default/files/23-305-01cr-signed-response.pdf,Nonregulated or exempt
USDA,confirmations,23-305-02cr,2023-12-28,2023,Pea,Altered Antinutrient Composition,https://www.aphis.usda.gov/sites/default/files/23-305-02cr-signed-response.pdf,Nonregulated or exempt
USDA,confirmations,23-293-01cr,2024-01-16,2024,Black raspberry,Seedless,https://www.aphis.usda.gov/sites/default/files/23-293-01cr-signed-response.pdf,Nonregulated or exempt
USDA,confirmations,23-293-02cr,2024-01-16,2024,Black raspberry,Altered growth habit,https://www.aphis.usda.gov/sites/default/files/23-293-02cr-signed-response.pdf,Nonregulated or exempt
USDA,confirmations,23-293-03cr,2024-01-16,2024,Black raspberry,Thornless,https://www.aphis.usda.gov/sites/default/files/23-293-03cr-signed-response.pdf,Nonregulated or exempt
USDA,confirmations,23-293-05cr,2024-01-16,2024,Blackberry,Seedless,https://www.aphis.usda.gov/sites/default/files/23-293-05cr-signed-response.pdf,Nonregulated or exempt
USDA,confirmations,23-293-07cr,2024-01-16,2024,Blackberry,Seedless,https://www.aphis.usda.gov/sites/default/files/23-293-07cr-signed-response.pdf,Nonregulated or exempt
USDA,confirmations,23-293-08cr,2024-01-16,2024,Blackberry,Seedless,https://www.aphis.usda.gov/sites/default/files/23-293-08cr-signed-response.pdf,Nonregulated or exempt
USDA,confirmations,23-293-09cr,2024-01-16,2024,Blackberry,CBI,https://www.aphis.usda.gov/sites/default/files/23-293-09cr-signed-response.pdf,Nonregulated or exempt
USDA,confirmations,23-293-10cr,2024-01-16,2024,Blackberry,Seedless,https://www.aphis.usda.gov/sites/default/files/23-293-10cr-signed-response.pdf,Nonregulated or exempt
USDA,confirmations,23-293-11cr,2024-01-16,2024,Blackberry,Thornless,https://www.aphis.usda.gov/sites/default/files/23-293-11cr-signed-response.pdf,Nonregulated or exempt
USDA,confirmations,23-293-04cr,2024-01-25,2024,Blackberry,CBI,https://www.aphis.usda.gov/sites/default/files/23-293-04cr-signed-response.pdf,Nonregulated or exempt
USDA,confirmations,23-293-06cr,2024-01-25,2024,Blackberry,CBI,https://www.aphis.usda.gov/sites/default/files/23-293-06cr-signed-response.pdf,Nonregulated or exempt
USDA,rsr,23-160-01rsr,2024-01-31,2024,Soybean,"Altered Seed Quality, Herbicide Resistance; Increased Seed Oil and Protein Content, Increased Seed Oil Content, Resistance to Glufosinate; 1) Elevated photosynthesis from co-expression of an oil synthesizing enzyme and an oil encapsulating protein in green tissues 2) Seed-specific expression of an oil synthesizing enzyme resulting in greater seed oil accumulation 3) bar/PAT (phosphinothricin N-acetyltransferase) confers resistance to glufosinate by catalyzing the conversion of L-phosphinothricin (L-PPT) to a non-phytotoxic form (N-acetylphosphinothricin)",https://www.aphis.usda.gov/sites/default/files/23-160-01rsr-response.pdf,Nonregulated or exempt
USDA,rsr,23-195-01rsr,2024-01-31,2024,Soybean,Herbicide Resistance; Resistance to 4-hydroxyphenylpyruvate dioxygenase (HPPD) inhibitor herbicides; An insensitive form of HPPD (4-hydroxyphenylpyruvate dioxygenase) with decreased binding affinity for HPPD inhibitor herbicides,https://www.aphis.usda.gov/sites/default/files/23-195-01rsr-response.pdf,Nonregulated or exempt
USDA,rsr,23-205-01rsr,2024-01-31,2024,Soybean,"Abiotic stress tolerance; Increased drought tolerance; Partial or complete loss of expression of a protein, claimed as CBI, involved in the signaling of various cellular pathways<sup>2</sup>",https://www.aphis.usda.gov/sites/default/files/23-205-01rsr-response.pdf,Nonregulated or exempt
USDA,rsr,23-340-01rsr,2024-01-31,2024,Potato,1) Altered sugar profile and 2) Marker gene (antibiotic resistance); 1) Lowered glucose and fructose content in plants and 2) Resistance to kanamycin and neomycin; 1) Reduction or loss of VInv (vacuolar invertase) gene expression results in decreased VInv protein expression and less hydrolysis of sucrose to glucose and fructose and 2) Neomycin phosphotransferase (NPTII) confers resistance to certain antibiotics including kanamycin and neomycin,https://www.aphis.usda.gov/sites/default/files/23-340-01rsr-response.pdf,Nonregulated or exempt
USDA,rsr,23-040-01rsr,2024-02-20,2024,Corn,"Altered Seed Yield; Increased number and size of seeds; Reduced expression a component of meristem regulation, resulting in increased size of ear meristems<sup>2</sup>",https://www.aphis.usda.gov/sites/default/files/23-040-01rsr-response.pdf,Nonregulated or exempt
USDA,rsr,23-311-01rsr,2024-02-20,2024,Corn,1) Altered Seed Quality and 2) Herbicide Resistance; Sweet tasting kernels; 1) Expression of cell wall localized Brazzein in maize seeds and 2) bar/PAT (phosphinothricin N-acetyltransferase) confers resistance to glufosinate by catalyzing the conversion of L-phosphinothricin (L-PPT) to a non-phytotoxic form (N-acetylphosphinothricin),https://www.aphis.usda.gov/sites/default/files/23-311-01rsr-response.pdf,Nonregulated or exempt
USDA,rsr,23-311-02rsr,2024-02-20,2024,Soybean,Altered seed oil profile; Increase in oleic acid and a decrease in linoleic acid; Loss of function of FAD2 alleles preferentially expressed in seeds,https://www.aphis.usda.gov/sites/default/files/23-311-02rsr-response.pdf,Nonregulated or exempt
USDA,rsr,23-111-01rsr,2024-03-19,2024,Canola,"Herbicide Resistance; Resistance to Dicamba; Dicamba mono-oxygenase (DMO) confers resistance to 3,6-dichloro-2-methoxybenzoic acid (dicamba) by catalyzing its breakdown into non-phytotoxic products (3,6 dichlorosalicylic acid (DCSA) and formaldehyde)",https://www.aphis.usda.gov/sites/default/files/23-111-01rsr-response.pdf,Nonregulated or exempt
USDA,rsr,23-116-01rsr,2024-03-19,2024,Soybean,"Altered nutritional profile; Increased protein in leaves and seeds; Increased expression of the transcription factors NF-YC4-1 NF-YC4-2, leading to increased leaf and seed protein and decreased leaf starch",https://www.aphis.usda.gov/sites/default/files/23-116-01rsr-response.pdf,Nonregulated or exempt
USDA,rsr,23-186-01rsr,2024-03-19,2024,Camelina,1) Altered seed oil profile and 2) Marker gene; Production of the Omega-3 fatty acid EPA (eicosapentaenoic acid) in seed and 2) Visual marker; 1) Biosynthesis of EPA (eiocosapentaenoic acid) and precursor poly-unsaturated fatty acids from oleic acid in seed through the activity of a set of introduced fatty acid elongase and fatty acid desaturase enzymes and 2) Production of a protein that results in a color change when seeds are exposed to certain wavelengths of light<sup>2</sup>,https://www.aphis.usda.gov/sites/default/files/23-186-01rsr-response.pdf,Nonregulated or exempt
USDA,rsr,23-228-01rsr,2024-03-19,2024,Canola,1) Altered seed oil profile and 2) Herbicide resistance; 1) Production of EPA (eicosapentaenoic acid) in seed and 2) glufosinate resistance; 1) Biosynthesis of EPA (eiocosapentaenoic acid) and precursor PUFAs (Poly-unsaturated Fatty Acids) from OA (Oleic acid) in Seed through the activity of a set of introduced fatty acid elongase and fatty acid desaturase enzymes and 2) bar/PAT (phosphinothricin N-acetyltransferase) confers resistance to glufosinate by catalyzing the conversion of L-phosphinothricin (L-PPT) to a non-phytotoxic form (N-acetylphosphinothricin),https://www.aphis.usda.gov/sites/default/files/23-228-01rsr-response.pdf,Nonregulated or exempt
USDA,rsr,23-228-02rsr,2024-03-19,2024,Mustard,1) Altered seed oil profile and 2) Herbicide resistance; 1) Production of DPA (Docosapentaenoic acid) in seed and 2) glufosinate resistance; 1) Biosynthesis of DPA (Docosapentaenoic acid) and precursor PUFAs (Poly-unsaturated Fatty Acids) from OA (Oleic acid) in Seed through the activity of a set of introduced fatty acid elongase and fatty acid desaturase enzymes. and 2) bar/PAT (phosphinothricin N-acetyltransferase) confers resistance to glufosinate by catalyzing the conversion of L-phosphinothricin (L-PPT) to a non-phytotoxic form (N-acetylphosphinothricin),https://www.aphis.usda.gov/sites/default/files/23-228-02rsr-response.pdf,Nonregulated or exempt
USDA,rsr,23-306-01rsr,2024-03-19,2024,Hemp,"Altered compositional profile; Reduced tetrahydrocannabinol (THC) and cannabidiol (CBD); Complete loss of cannabidiolic acid synthase, an enzyme involved in the cannabinoid synthesis pathway",https://www.aphis.usda.gov/sites/default/files/23-306-01rsr-response.pdf,Nonregulated or exempt
USDA,rsr,23-355-02rsr,2024-03-19,2024,Camelina,"1) Altered seed oil profile and 2) Marker gene; Production of the Omega-3 fatty acids EPA (eicosapentaenoic acid) and DHA (docosahexaenoic acid) in seed and 2) Visual marker; 1) Biosynthesis of EPA (eiocosapentaenoic acid), DHA (docosahexaenoic acid), and precursor poly-unsaturated fatty acids from oleic acid in seed through the activity of a set of introduced fatty acid elongase and fatty acid desaturase enzymes and 2) Production of a protein that results in a color change when seeds are exposed to certain wavelengths of light<sup>2</sup>",https://www.aphis.usda.gov/sites/default/files/23-355-02rsr-response.pdf,Nonregulated or exempt
USDA,rsr,24-046-01rsr,2024-03-19,2024,Potato,1) Fungal resistance and 2) marker gene (antibiotic resistance); 1) Resistance to potato late blight and 2) Resistance to kanamycin and neomycin; 1) Expression of resistance proteins (R genes) that can recognize Phytopthora infestans effector molecules and then activate effector-triggered immunity and 2) Neomycin phosphotransferase (NPTII) confers resistance to certain antibiotics including kanamycin and neomycin,https://www.aphis.usda.gov/sites/default/files/24-046-01rsr-response.pdf,Nonregulated or exempt
USDA,confirmations,24-024-01cr,2024-03-26,2024,Blackberry,Thornless,https://www.aphis.usda.gov/sites/default/files/24-024-01cr-response.pdf,Nonregulated or exempt
USDA,rsr,22-292-01rsr,2024-03-29,2024,Pennycress,"Altered product quality; 1) Lowered erucic acid in seeds, 2) Lowered fiber in seeds, and 3) Lowered glucosinolate in seeds; 1) Loss of fatty acid elongation 1 (FAE1) expression results in decreased protein expression and less conversion of oleic acid to gadoleic acid and erucic acid in seeds, 2) Loss of transparent testa 8 (TT8) expression results in reduced expression of several genes involved in the biosynthesis of proanthocyanidins and reduced fiber content, 3) Reduction or loss of expression of a transcription factor resulting in reduced production of glucosinolate<sup>2</sup>, and 4) Reduction or loss of expression of a transporter resulting in reduced transport of glucosinolate<sup>2</sup>",https://www.aphis.usda.gov/sites/default/files/22-292-01rsr-response.pdf,Nonregulated or exempt
USDA,confirmations,24-060-01cr,2024-04-08,2024,Soybean,Altered Seed Composition,https://www.aphis.usda.gov/sites/default/files/24-060-01cr-response.pdf,Nonregulated or exempt
USDA,confirmations,24-060-02cr,2024-04-08,2024,Soybean,Altered Seed Composition,https://www.aphis.usda.gov/sites/default/files/24-060-02cr-response.pdf,Nonregulated or exempt
USDA,confirmations,24-060-03cr,2024-04-08,2024,Soybean,Altered Seed Composition,https://www.aphis.usda.gov/sites/default/files/24-060-03cr-response.pdf,Nonregulated or exempt
USDA,confirmations,24-060-04cr,2024-04-08,2024,Soybean,Altered Seed Composition,https://www.aphis.usda.gov/sites/default/files/24-060-04cr-response.pdf,Nonregulated or exempt
USDA,confirmations,24-060-05cr,2024-04-08,2024,Soybean,Altered Seed Composition,https://www.aphis.usda.gov/sites/default/files/24-060-05cr-response.pdf,Nonregulated or exempt
USDA,confirmations,24-060-06cr,2024-04-08,2024,Soybean,Altered Seed Composition,https://www.aphis.usda.gov/sites/default/files/24-060-06cr-response.pdf,Nonregulated or exempt
USDA,confirmations,24-060-07cr,2024-04-08,2024,Soybean,Altered Seed Composition,https://www.aphis.usda.gov/sites/default/files/24-060-07cr-response.pdf,Nonregulated or exempt
USDA,confirmations,24-060-08cr,2024-04-08,2024,Soybean,Altered Seed Composition,https://www.aphis.usda.gov/sites/default/files/24-060-08cr-response.pdf,Nonregulated or exempt
USDA,confirmations,24-060-09cr,2024-04-08,2024,Soybean,Altered Seed Composition,https://www.aphis.usda.gov/sites/default/files/24-060-09cr-response.pdf,Nonregulated or exempt
USDA,confirmations,24-060-10cr,2024-04-08,2024,Soybean,Altered Seed Composition,https://www.aphis.usda.gov/sites/default/files/24-060-10cr-response.pdf,Nonregulated or exempt
USDA,confirmations,24-060-11cr,2024-04-08,2024,Soybean,Altered Seed Composition,https://www.aphis.usda.gov/sites/default/files/24-060-11cr-response.pdf,Nonregulated or exempt
USDA,confirmations,24-060-12cr,2024-04-08,2024,Soybean,Altered Seed Composition,https://www.aphis.usda.gov/sites/default/files/24-060-12cr-response.pdf,Nonregulated or exempt
USDA,confirmations,24-060-13cr,2024-04-08,2024,Soybean,Altered Seed Composition,https://www.aphis.usda.gov/sites/default/files/24-060-13cr-response.pdf,Nonregulated or exempt
USDA,rsr,22-242-01rsr,2024-04-12,2024,Sugar beet,"Herbicide resistance; 1) Resistance to glufosinate 2) Resistance to dicamba and 3) Resistance to glyphosate; 1) bar/PAT (phosphinothricin N-acetyltransferase) confers resistance to glufosinate by catalyzing the conversion of L-phosphinothricin (L-PPT) to a non-phytotoxic form (N-acetylphosphinothricin), 2) DMO (Dicamba mono-oxygenase) confers resistance to dicamba by catalyzing its breakdown into non-phytotoxic forms (3,6 dichlorosalicylic acid (DCSA) and formaldehyde), and 3) An insensitive form of EPSPS (5-enolpyruvylshikimate-3-phosphate synthase) with a decreased binding affinity for glyphosate herbicides",https://www.aphis.usda.gov/sites/default/files/22-242-01rsr-response.pdf,Nonregulated or exempt
USDA,rsr,23-264-01rsr,2024-04-12,2024,Pennycress,"Altered product quality and 2) Altered agronomic properties; 1) Lowered erucic acid in seeds, 2) Lowered fiber in seeds, 3) Lowered glucosinolate in seeds, 4) Increased oleic acid in seeds and 5) Reduced seed shatter; 1) Loss of fatty acid elongation 1 (FAE1) expression results in decreased protein expression and less conversion of oleic acid to gadoleic acid and erucic acid in seeds, 
2) Loss of transparent testa 8 (TT8) expression results in reduced expression of several genes involved in the biosynthesis of proanthocyanidins and reduced fiber content, 
3) Reduction or loss of expression of a transcription factor resulting in reduced production and transport of glucosinolate<sup>2</sup>, 
4) Increase in 18:1 and reduction of 18:2 and 18:3 fatty acid content in seed due to a loss of function in a pennycress gene, a reversable phosphatidylcholine:diacylglycerol cholinephosphotransferase<sup>2</sup> and 
5) Reduction or loss of expression of a pennycress gene inhibits the formation of lignin layer and separation layer in the dehiscence zone of seed pods<sup>2</sup>",https://www.aphis.usda.gov/sites/default/files/23-264-01rsr-response.pdf,Nonregulated or exempt
USDA,rsr,23-234-01rsr,2024-04-18,2024,Soybean,1) Altered seed protein profile and 2) Marker gene (Antibiotic Resistance); 1) Accumulation of a meat protein in seeds and 2) Resistance to antibiotics claimed as CBI<sup>2</sup>; 1) Seed-specific expression and accumulation of a gene claimed as CBI<sup>2</sup> and 2) CBI<sup>2</sup>,https://www.aphis.usda.gov/sites/default/files/23-234-01rsr-response.pdf,Nonregulated or exempt
USDA,rsr,23-132-01rsr,2024-04-29,2024,Soybean,"1) Altered plant architecture and 2) Altered yield; 1) Altered reproductive transition timing, 2) Increased seed size, and 3) Increased seed number; 1) Decreased production of a protein that regulates the transition between vegetative and reproductive growth<sup>2</sup>, 2) Decreased production of a protein that suppresses cell division<sup>2</sup> and 3) Decreased production of a protein that regulates plant development<sup>2</sup>",https://www.aphis.usda.gov/sites/default/files/23-132-01rsr-response.pdf,Nonregulated or exempt
USDA,rsr,23-342-01rsr,2024-04-29,2024,Pennycress,"Altered product quality; Lowered glucosinolate in seeds; 1) Reduction or loss of expression of a transcription factor resulting in reduced production of glucosinolate<sup>2</sup>, and 2) Reduction or loss of expression of a transporter resulting in reduced transport of glucosinolate<sup>2</sup> 3) Reduction or loss of expression of a transcription factor resulting in reduced production of glucosinolate<sup>2</sup>",https://www.aphis.usda.gov/sites/default/files/23-342-01rsr-response.pdf,Nonregulated or exempt
USDA,rsr,24-094-02rsr,2024-04-29,2024,Pennycress,"Altered product quality; 1) Lowered erucic acid in seeds, 2) Lowered fiber in seeds, and 3) Lowered glucosinolate in seeds; 1) Loss of fatty acid elongation 1 (FAE1) expression results in decreased protein expression and less conversion of oleic acid to gadoleic acid and erucic acid in seeds, 2) Loss of transparent testa 8 (TT8) expression results in reduced expression of several genes involved in the biosynthesis of proanthocyanidins and reduced fiber content, 3) Reduction or loss of expression of a transcription factor resulting in reduced production of glucosinolate<sup>2</sup>, and 4) Reduction or loss of expression of a transporter resulting in reduced transport of glucosinolate<sup>2</sup>",https://www.aphis.usda.gov/sites/default/files/24-094-02rsr-response.pdf,Nonregulated or exempt
USDA,confirmations,24-087-01cr,2024-05-10,2024,Pennycress,Altered Flowering Window,https://www.aphis.usda.gov/sites/default/files/24-087-01cr-response.pdf,Nonregulated or exempt
USDA,confirmations,24-094-01cr,2024-05-10,2024,Pennycress,Altered Plant Maturation Time,https://www.aphis.usda.gov/sites/default/files/24-094-01cr-response.pdf,Nonregulated or exempt
USDA,confirmations,24-095-01cr,2024-05-10,2024,Pennycress,Altered Plant Maturation Time,https://www.aphis.usda.gov/sites/default/files/24-095-01cr-response.pdf,Nonregulated or exempt
USDA,rsr,24-064-01rsr,2024-05-29,2024,Pennycress,"Altered product quality; 1) Lowered erucic acid in seeds 2) Lowered fiber in seeds 3) Lowered glucosinolate in seeds; 1) Loss of fatty acid elongation 1 (FAE1) expression results in decreased protein expression and less conversion of oleic acid to gadoleic acid and erucic acid, 2) Loss of expression of transparent testa 88 (TT8) expression results in reduced expression of several genes involved in the biosynthesis of proanthocyanidins and reduced fiber content, 3) Reduction or loss of expression of a transcription factor resulting in reduced production of glucosinolate<sup>2</sup> , and 4) Reduction or loss of expression of a transcription factor resulting in reduced production of glucosinolate<sup>2</sup>",https://www.aphis.usda.gov/sites/default/files/24-065-01rsr-response.pdf,Nonregulated or exempt
USDA,rsr,24-065-01rsr,2024-05-29,2024,Pennycress,"Altered product quality; 1) Lowered erucic acid in seeds 2) Lowered fiber in seeds 3) Lowered glucosinolate in seeds; 1) Loss of fatty acid elongation 1 (FAE1) expression results in decreased protein expression and less conversion of oleic acid to gadoleic acid and erucic acid, 2) Loss of expression of transparent testa 88 (TT8) expression results in reduced expression of several genes involved in the biosynthesis of proanthocyanidins and reduced fiber content, 3) Reduction or loss of expression of a transcription factor resulting in reduced production of glucosinolate<sup>2</sup> , and 4) Reduction or loss of expression of a methionine-oxo-acid transaminase resulting in reduced production of glucosinolate<sup>2</sup>",https://www.aphis.usda.gov/sites/default/files/24-065-01rsr-response.pdf,Nonregulated or exempt
USDA,rsr,24-079-01rsr,2024-05-29,2024,Corn,"1) Insect Resistance, 2) Herbicide Resistance, and 3) Marker gene (carbon source); 1) Protection against certain coleopteran insects, 2) Resistance to glufosinate, and 3) Carbon source (Mannose) used as a selectable marker; IPD079Ea protein exhibits toxicity to certain coleopteran insects.<sup>1 </sup> 2) bar/PAT (phosphinothricin N-acetyltransferase) confers resistance to glufosinate by catalyzing the conversion of L-phosphinothricin (L-PPT) to a non-phytotoxic form (N-acetylphosphinothricin), and 3) PMI (phosphomannose isomerase) catalyzes the reversible conversion of mannose 6-phosphate and fructose 6-phosphate",https://www.aphis.usda.gov/sites/default/files/24-079-01rsr-response.pdf,Nonregulated or exempt
USDA,rsr,24-088-01rsr,2024-05-29,2024,Potato,"1) fungal resistance 2) virus resistance, and 3) Marker gene (antibiotic resistance); 1) Resistance to potato late blight 2) Resistance to Potato Virus Y, and 3) Resistance to kanamycin and neomycin; 1) Expression of a combination of resistance genes to Phytophtora infestans: (Rpi) Rpi-vnt1, Rpi-amr3, Rpi-blb2, Rpi-mcq1, and/or Rpi-amr1 encoding resistance (R) proteins that recognize effector protein secreted by Phytophthora infestans and signal a hypersensitive response that destroys infected tissue through programmed cell death, restricting growth and spread of the pathogen to other parts of the plant, 2) Expression of the Rysto gene, which recognizes the coat protein of several Potyviruses and signals the plant to initiate an immune response, restricting growth and spread of the pathogen to other parts of the plant, and 3) Neomycin phosphotransferase (NPTII) confers resistance to certain antibiotics including kanamycin and neomycin",https://www.aphis.usda.gov/sites/default/files/24-088-01rsr-response.pdf,Nonregulated or exempt
USDA,rsr,24-094-01rsr,2024-05-29,2024,Potato,"1) fungal resistance 2) virus resistance, and 3) Marker gene (antibiotic resistance); 1) Resistance to potato late blight 2) Resistance to Potato leafroll virus, and 3) Resistance to kanamycin and neomycin; 1) Expression of a combination of resistance genes to Phytophtora infestans: (Rpi) Rpi-vnt1, Rpi-amr3, Rpi-blb2, Rpi-mcq1, and/or Rpi-amr1 encoding resistance (R) proteins that recognize effector protein secreted by Phytophthora infestans and signal a hypersensitive response that destroys infected tissue through programmed cell death, restricting growth and spread of the pathogen to other parts of the plant, 2) Expression of the Rysto gene, which recognizes the coat protein of several Potyviruses and signals the plant to initiate an immune response, restricting growth and spread of the pathogen to other parts of the plant, 3) Expression of the Rladg gene, which recognizes the coat protein of several Potyviruses and signals the plant to initiate an immune response, restricting growth and spread of the pathogen to other parts of the plant, and 4) Neomycin phosphotransferase (NPTII) confers resistance to certain antibiotics including kanamycin and neomycin",https://www.aphis.usda.gov/sites/default/files/24-094-01rsr-response.pdf,Nonregulated or exempt
USDA,rsr,24-116-02rsr,2024-05-29,2024,Soybean,Altered seed oil profile; Increase in oleic acid and a decrease in linoleic acid; Loss of function of FAD2 alleles preferentially expressed in seeds,https://www.aphis.usda.gov/sites/default/files/24-116-02rsr-response.pdf,Nonregulated or exempt
USDA,rsr,22-231-01rsr,2024-06-20,2024,Rice,Altered nutritional profile; Increased protein in leaves and seeds; Increased expression of the transcription factor identified by locus ID Os03g14669,https://www.aphis.usda.gov/sites/default/files/22-231-01rsr-response.pdf,Nonregulated or exempt
USDA,rsr,23-296-01rsr,2024-06-25,2024,Soybean,"1) Altered yield, 2) altered seed quality, and 3) altered nodulation; 1) Increased seed number, 2) increased seed size, 3) increased growth, and 4) increased root nodulation; 1) Decreased production of a protein that regulates plant development<sup>2</sup>, 2) decreased production of a protein that suppresses cell division<sup>2</sup>, 3) Decreased production of a protein that suppresses cell division<sup>2</sup>, 4) Increased nutrient import to the seed<sup>2</sup>, and 5) decreased production of a protein that suppresses root nodulation<sup>2</sup>. ",https://www.aphis.usda.gov/sites/default/files/23-296-01rsr-response.pdf,Nonregulated or exempt
USDA,rsr,24-032-01rsr,2024-06-25,2024,Soybean,"1) Altered plant architecture, 2) altered yield, 3) altered seed quality, and 4) altered nodulation; 1) Altered reproductive transition timing, 2) increased seed number, 3) increased seed size, 4) increased growth, and 5) increased root nodulation; 1) Decreased production of a protein that regulates the transition between vegetative and reproductive growth<sup>2</sup>, 2) decreased production of a protein that regulates plant development<sup>2</sup>, 3) decreased production of a protein that suppresses cell division<sup>2</sup>, 4) Decreased production of a protein that suppresses cell division<sup>2</sup>, 5) Increased nutrient import to the seed<sup>2</sup>, and 6) decreased production of a protein that suppresses root nodulation<sup>2</sup>",https://www.aphis.usda.gov/sites/default/files/24-032-01rsr-response.pdf,Nonregulated or exempt
USDA,rsr,23-261-01rsr,2024-06-26,2024,Cowpea,"Altered plant architecture and flowering time; Determinate growth habit and early flowering; Reduction or loss of expression of the VuSP1 and VuSP2 genes, resulting in reduction or loss of production of proteins that regulate the transition between vegetative and reproductive growth",https://www.aphis.usda.gov/sites/default/files/23-261-01rsr-response.pdf,Nonregulated or exempt
USDA,rsr,23-355-01rsr,2024-06-26,2024,Pennycress,"Altered product quality; 1) Lowered erucic acid in seeds 2) Lowered fiber in seeds 3) Lowered glucosinolate in seeds; 1) Loss of fatty acid elongation 1 (FAE1) expression results in decreased protein expression and less conversion of oleic acid to gadoleic acid and erucic acid, 2) Loss of expression of transparent testa 88 (TT8) expression results in reduced expression of several genes involved in the biosynthesis of proanthocyanidins and reduced fiber content, 3) Reduction or loss of expression of a transcription factor resulting in reduced production of glucosinolate<sup>2</sup> , and 4) Reduction or loss of expression of a methionine-oxo-acid transaminase resulting in reduced production of glucosinolate<sup>2</sup>",https://www.aphis.usda.gov/sites/default/files/23-355-01rsr-response.pdf,Nonregulated or exempt
USDA,confirmations,24-072-01cr,2024-07-03,2024,Tomato,Altered Nutrient Composition,https://www.aphis.usda.gov/sites/default/files/24-072-01cr-response.pdf,Nonregulated or exempt
USDA,rsr,24-129-02rsr,2024-07-25,2024,Pennycress,"1) Altered Product Quality and 2) Herbicide Resistance; 1) Lowered erucic acid in seeds, 2) Lowered fiber in seeds, 3) Resistance to ALS/AHAS inhibitor herbicides, and 4) Resistance to HPPD inhibitor herbicides; 1) Loss of fatty acid elongation 1 (FAE1) expression results in decreased protein expression and less conversion of oleic acid to gadoleic acid and erucic acid, 2) Loss of expression of transparent testa 88 (TT8) expression results in reduced expression of several genes involved in the biosynthesis of proanthocyanidins and reduced fiber content, 3) An insensitive form of Acetolactate synthase (ALS)/Acetohydroxy acid synthase (AHAS) with a decreased binding affinity to certain ALS/AHAS inhibitor herbicides, and 4) An insensitive form of HPPD (4-hydroxyphenylpyruvate dioxygenase) with decreased binding affinity for HPPD inhibitor herbicides",https://www.aphis.usda.gov/sites/default/files/24-129-02rsr-response.pdf,Nonregulated or exempt
USDA,rsr,24-156-01rsr,2024-07-25,2024,Pennycress,"Altered product quality; 1) Lowered erucic acid in seeds, 2) Lowered fiber in seeds, 3) Lowered glucosinolate in seeds, and 4) Reduced seed shatter; 1) Loss of fatty acid elongation 1 (FAE1) expression results in decreased protein expression and less conversion of oleic acid to gadoleic acid and erucic acid in seeds, 2) Loss of transparent testa 8 (TT8) expression results in reduced expression of several genes involved in the biosynthesis of proanthocyanidins and reduced fiber content, 3) Reduction or loss of expression of a transcription factor resulting in reduced production of glucosinolate<sup>2</sup>, and 4) Reduction or loss of expression of a transcription factor resulting in reduced production of glucosinolate<sup>2</sup> 5) Reduction or loss of expression of a transporter resulting in reduced transport of glucosinolate<sup>2</sup> ,  and 6) Reduction or loss of expression of a pennycress gene inhibits the formation of the lignin and separation layers in the dehiscence zone of seed pods<sup>2</sup>",https://www.aphis.usda.gov/sites/default/files/24-156-01rsr-response.pdf,Nonregulated or exempt
USDA,rsr,24-087-01rsr,2024-08-01,2024,Blackberry,"Product Quality, Agronomic Properties, and Selectable Marker; 1) Soft Seeds, 2) Reduced Thorn Development, 3) Compact Growth Habit, and 4) Antibiotic Resistance; 1) Reduction or loss of function of an NAC-type transcription factor<sup>2</sup>2) Reduction or loss of function of an NAC-type transcription factor<sup>2</sup> 3) reduction or loss of function of an NAC-type transcription factor<sup>2</sup> 4) Reduction or loss of function of a homeodomain containing transcription factor<sup>2</sup> 5) Reduction or loss of function of a bHLH transcription factor<sup>2</sup>6) Reduction or loss of function of a transcription co-factor<sup>2</sup> 7) Reduction or loss of function of a plastid transporter<sup>2</sup>",https://www.aphis.usda.gov/sites/default/files/24-087-01rsr-response.pdf,Nonregulated or exempt
USDA,rsr,22-199-01rsr,2024-08-27,2024,Wheat,1) Abiotic stress tolerance and 2) Herbicide resistance; 1) Increased drought tolerance and 2) Resistance to glufosinate; 1) Expression of the HaHB4 (Helianthus annus HomeoBox 4) protein transcription factor regulates genes involved in developmental responses of plants to desiccation and 2) bar/PAT (phosphinothricin N-acetyltransferase) confers resistance to glufosinate by catalyzing the conversion of L-phosphinothricin (L-PPT) to a non-phytotoxic form (N-acetylphosphinothricin),https://www.aphis.usda.gov/sites/default/files/22-199-01rsr-response.pdf,Nonregulated or exempt
USDA,rsr,23-213-01rsr,2024-08-27,2024,Citrus,1) Disease resistance and 2) Marker gene (antibiotic resistance); 1) Increased tolerance to citrus greening and 2) resistance to kanamycin and neomycin; 1) Activation of systemic acquired resistance through constitutive and ubiquitous expression of the Arabidopsis thaliana NPR1 gene and 2) neomycin phosphotransferase (NPTII) confers resistance to certain antibiotics including kanamycin and neomycin,https://www.aphis.usda.gov/sites/default/files/23-213-01rsr-response.pdf,Nonregulated or exempt
USDA,rsr,23-237-01rsr,2024-08-27,2024,Citrus,1) Disease resistance and 2) Marker gene (antibiotic resistance); 1) Increased tolerance to citrus greening and 2) resistance to kanamycin and neomycin; 1) Activation of systemic acquired resistance through constitutive and ubiquitous expression of the Arabidopsis thaliana NPR1 gene and 2) neomycin phosphotransferase (NPTII) confers resistance to certain antibiotics including kanamycin and neomycin,https://www.aphis.usda.gov/sites/default/files/23-237-01rsr-response.pdf,Nonregulated or exempt
USDA,rsr,24-107-01rsr,2024-09-20,2024,Citrus,"1) Altered fruit color and nutritional quality and 2) Marker gene (antibiotic resistance); 1) Red fruit color and increased lycopene in the fruit 2) Resistance to kanamycin and neomycin; 1) Reduction or loss of expression of an endogenous gene claimed as CBI, resulting in decreased production of beta carotenes and the accumulation of lycopene in the fruit <sup>2</sup>and 2) Neomycin phosphotransferase (NPTII) confers resistance to certain antibiotics including kanamycin and neomycin",https://www.aphis.usda.gov/sites/default/files/24-107-01rsr-response.pdf,Nonregulated or exempt
USDA,rsr,24-211-01rsr,2024-09-20,2024,Pennycress,"1) Altered agronomic properties and 2) Altered product quality; 1) Lowered erucic acid in seeds, 2) Lowered fiber in seeds, and 3) Lowered glucosinolate in seeds, and  4) Reduced seed shatter; 1) Loss of fatty acid elongation 1 (FAE1) expression results in decreased protein expression and less conversion of oleic acid to gadoleic acid and erucic acid, 2) Loss of expression of transparent testa 8 (TT8) expression results in reduced expression of several genes involved in the biosynthesis of proanthocyanidins and reduced fiber content, 3) Reduction or loss of expression of a transcription factor resulting in reduced production of glucosinolate<sup>2</sup> , 4) Reduction or loss of expression of a transcription factor resulting in reduced production of glucosinolate<sup>2</sup> , and 5) Reduction or loss of expression of a pennycress gene inhibits the formation of the lignin and separation layers in the dehiscence zone of seed pods<sup>2</sup>",https://www.aphis.usda.gov/sites/default/files/24-211-01rsr-response.pdf,Nonregulated or exempt
USDA,rsr,24-211-02rsr,2024-09-20,2024,Pennycress,"1) Altered agronomic properties and 2) Altered product quality; 1) Lowered erucic acid in seeds, 2) Lowered fiber in seeds, and 3) Lowered glucosinolate in seeds, and  4) Reduced seed shatter; 1) Loss of fatty acid elongation 1 (FAE1) expression results in decreased protein expression and less conversion of oleic acid to gadoleic acid and erucic acid, 2) Loss of expression of transparent testa 8 (TT8) expression results in reduced expression of several genes involved in the biosynthesis of proanthocyanidins and reduced fiber content, 3) Reduction or loss of expression of a transcription factor resulting in reduced production of glucosinolate<sup>2</sup> , 4) Reduction or loss of expression of a methionine-oxo-acid transaminase resulting in reduced production of glucosinolate<sup>2</sup>, and 5) Reduction or loss of expression of a pennycress gene inhibits the formation of the lignin and separation layers in the dehiscence zone of seed pods<sup>2</sup>",https://www.aphis.usda.gov/sites/default/files/24-211-02rsr-response.pdf,Nonregulated or exempt
USDA,rsr,24-212-01rsr,2024-09-20,2024,Pennycress,"1) Altered agronomic properties and 2) Altered product quality; 1) Lowered erucic acid in seeds, 2) Lowered fiber in seeds, and 3) Lowered glucosinolate in seeds, and  4) Reduced seed shatter; 1) Loss of fatty acid elongation 1 (FAE1) expression results in decreased protein expression and less conversion of oleic acid to gadoleic acid and erucic acid 2) Loss of expression of transparent testa 8 (TT8) expression results in reduced expression of several genes involved in the biosynthesis of proanthocyanidins and reduced fiber content, 3) Reduction or loss of expression of a methionine-oxo-acid transaminase resulting in reduced production of glucosinolate<sup>2</sup>, 4) Reduction or loss of expression of a transcription factor resulting in reduced production of glucosinolate<sup>2</sup>, and 5) Reduction or loss of expression of a pennycress gene inhibits the formation of the lignin and separation layers in the dehiscence zone of seed pods<sup>2</sup>",https://www.aphis.usda.gov/sites/default/files/24-212-01rsr-response.pdf,Nonregulated or exempt
USDA,rsr,24-002-01rsr,2024-09-23,2024,Pea,1) Altered seed protein profile and 2) Marker gene (Antibiotic Resistance); 1) Accumulation of a meat protein in seeds and 2) Resistance to antibiotics claimed as CBI<sup>2</sup>; 1) Seed-specific expression and accumulation of a gene claimed as CBI<sup>2</sup>and 2) CBI<sup>2</sup>,https://www.aphis.usda.gov/sites/default/files/24-002-01rsr-response.pdf,Nonregulated or exempt
USDA,rsr,24-079-02rsr,2024-09-24,2024,Potato,"1) Abiotic stress tolerance and 2) Marker gene (antibiotic resistance); 1) Increased drought tolerance and 2) Resistance to kanamycin and neomycin; 1) Expression of XERICO, a small ubiquitin ligase protein increases sensitivity to the plant hormone abscisic acid and 2) Neomycin phosphotransferase (NPTII) confers resistance to certain antibiotics including kanamycin and neomycin",https://www.aphis.usda.gov/sites/default/files/24-079-02rsr-response.pdf,Nonregulated or exempt
USDA,rsr,23-132-02rsr,2024-09-26,2024,Citrus,Bacterial Resistance; Increased resistance to citrus greening; 1) Decreased production of a host target of the Candidatus Liberibacter asiaticus effector protein<sup>2</sup> and  2) Decreased production of a host target of a Candidatus Liberibacter asiaticus effector protein<sup>2</sup>,https://www.aphis.usda.gov/sites/default/files/23-132-02rsr-response.pdf,Nonregulated or exempt
USDA,confirmations,24-215-01cr,2024-09-27,2024,Pennycress,Altered Plant Architecture,https://www.aphis.usda.gov/sites/default/files/24-215-01cr-response.pdf,Nonregulated or exempt
USDA,confirmations,24-227-01cr,2024-09-27,2024,Tomato,Altered Pedicel Structure,https://www.aphis.usda.gov/sites/default/files/24-227-01cr-response.pdf,Nonregulated or exempt
USDA,rsr,24-172-01rsr,2024-09-30,2024,Corn,"Fungal resistance; 1) Resistance to northern corn leaf blight, 2) Resistance to gray leaf spot, 3) Resistance to anthracnose stalk rot, and 4) Resistance to southern corn rust; 1) Expression of a resistance (R) protein that recognizes effector protein secreted by Setosphaeria turcica and signals a hypersensitive response that destroys infected tissue through programmed cell death<sup>2</sup>, 2) Expression of a wall-associated kinase protein that triggers downstream immune responses after detecting Setosphaeria turcica<sup>2</sup>, 3) Expression of an atypical pattern recognition receptor (PRR) protein, with only a leucine rich repeat region that triggers downstream immune responses after detecting Cercospora zeae-maydis<sup>2</sup>, 4) Expression of an L-type lectin receptor kinase protein that triggers downstream immune responses after detecting Cercospora zeae-maydis<sup>2</sup>, 5) Expression of a protein that recognizes effector protein secreted by Colletotrichum graminicola and signals a hypersensitive response that destroys infected tissue through programmed cell death<sup>2</sup>, and 6) Expression of a protein that recognizes effector protein secreted by Puccinia polysora and signals a hypersensitive response that destroys infected tissue through programmed cell death<sup>2</sup>",https://www.aphis.usda.gov/sites/default/files/24-172-01rsr-response.pdf,Nonregulated or exempt
USDA,rsr,23-254-01rsr,2024-10-02,2024,Almond,Improved agronomic property; Self-compatibility; 1) Reduction or loss of function of the enzyme that functions as the pistil-associated self-incompatibility factor<sup>2</sup> and 2) Reduction or loss of function of the pollen-associated self-incompatibility factor<sup>2</sup>,https://www.aphis.usda.gov/sites/default/files/23-254-01rsr-response.pdf,Nonregulated or exempt
USDA,rsr,24-142-01rsr,2024-10-28,2024,Tomato,"1) Product quality and 2) Marker gene (antibiotic resistance); 1) Increased polyphenolic antioxidants in tomato fruit and 2) Resistance to kanamycin and neomycin; 1) Fruit-specific expression of the Arabidopsis thaliana Myb12 transcription factor, resulting in increased expression of genes associated with phenylpropanoid biosynthesis and 2) Neomycin phosphotransferase (NPTII) confers resistance to certain antibiotics including kanamycin and neomycin",https://www.aphis.usda.gov/sites/default/files/24-142-01rsr-response.pdf,Nonregulated or exempt
USDA,rsr,24-136-01rsr,2024-10-29,2024,Corn,"1) Product quality and 2) Herbicide resistance; 1) Increased Endo-1,4 beta-D-glucanase and 2) Resistance to glufosinate; 1) Seed-specific production of a thermostable, vacuole-localized endoglucanase, which hydrolyzes glycosidic bonds of glucans and mannans and 2) bar/PAT (phosphinothricin N-acetyltransferase) confers resistance to glufosinate by catalyzing the conversion of L-phosphinothricin (L-PPT) to a non-phytotoxic form (N-acetylphosphinothricin)",https://www.aphis.usda.gov/sites/default/files/24-136-01rsr-response.pdf,Nonregulated or exempt
USDA,air,25-013-01air,2025-02-10,2025,Potato,Genome Edited Potato for Reduced Browning,https://www.aphis.usda.gov/sites/default/files/25-013-01air-response.pdf,Nonregulated or exempt
USDA,air,25-013-02air,2025-02-11,2025,Pennycress,Genome Edited Pennycress for Altered Root System Architecture,https://www.aphis.usda.gov/sites/default/files/25-013-02air-response.pdf,Nonregulated or exempt
USDA,air,25-013-03air,2025-02-11,2025,Pennycress,Genome Edited Pennycress for Altered Root System Architecture,https://www.aphis.usda.gov/sites/default/files/25-013-03air-response.pdf,Nonregulated or exempt
USDA,air,25-013-04air,2025-02-11,2025,Pennycress,Genome Edited Pennycress for Altered Root System Architecture,https://www.aphis.usda.gov/sites/default/files/25-013-04air-response.pdf,Nonregulated or exempt
USDA,air,25-013-05air,2025-02-11,2025,Pennycress,Genome Edited Pennycress for Altered Root System Architecture,https://www.aphis.usda.gov/sites/default/files/25-013-05air-response.pdf,Nonregulated or exempt
USDA,air,25-021-02air,2025-02-19,2025,Grape,Genome Edited Wine Grapes for Reduced PPO,https://www.aphis.usda.gov/sites/default/files/25-021-02air-response.pdf,Nonregulated or exempt
USDA,air,25-023-01air,2025-02-19,2025,Grape,Genome Edited Grapes for Improved Wine Quality,https://www.aphis.usda.gov/sites/default/files/25-023-01air-response.pdf,Nonregulated or exempt
USDA,air,24-355-01air,2025-02-20,2025,Tomato,Genome Edited Tomato for Improved Water Use Efficiency,https://www.aphis.usda.gov/sites/default/files/24-355-01air-response.pdf,Nonregulated or exempt
USDA,air,25-031-01air,2025-02-26,2025,Cacao,Genome Edited Cacao for Disease Resistance,https://www.aphis.usda.gov/sites/default/files/25-031-01air-response.pdf,Nonregulated or exempt
USDA,air,25-034-01air,2025-02-26,2025,Tomato,Genome Edited Tomato for Decreased Plant Stature,https://www.aphis.usda.gov/sites/default/files/25-034-01air-response.pdf,Nonregulated or exempt
USDA,air,25-050-01air,2025-02-26,2025,Pennycress,Genome Edited Pennycress for Altered Root System Architecture,https://www.aphis.usda.gov/sites/default/files/25-050-01air-response.pdf,Nonregulated or exempt
USDA,air,25-050-02air,2025-02-26,2025,Pennycress,Genome Edited Pennycress for Altered Root System Architecture,https://www.aphis.usda.gov/sites/default/files/25-050-02air-response.pdf,Nonregulated or exempt
USDA,air,25-034-02air,2025-03-06,2025,Lettuce,Genome Edited Lettuce for Reduced Browning,https://www.aphis.usda.gov/sites/default/files/25-034-02air-response.pdf,Nonregulated or exempt
USDA,air,25-044-01air,2025-03-06,2025,Soybean,Genome Edited Soybean with Herbicide Resistance,https://www.aphis.usda.gov/sites/default/files/25-044-01air-response.pdf,Nonregulated or exempt
USDA,air,25-055-03air,2025-03-06,2025,Goldenberry,Genome Edited Goldenberry for Compact Growth,https://www.aphis.usda.gov/sites/default/files/25-055-03air-response.pdf,Nonregulated or exempt
USDA,air,25-058-01air,2025-03-12,2025,Pennycress,Genome Edited Pennycress for Early Maturation and Altered Seed Characteristics,https://www.aphis.usda.gov/sites/default/files/25-058-01air-response.pdf,Nonregulated or exempt
USDA,air,25-058-02air,2025-03-12,2025,Rice,Rice Modified for Cytoplasmic Male Sterility,https://www.aphis.usda.gov/sites/default/files/25-058-02air-response.pdf,Nonregulated or exempt
USDA,air,25-037-01air,2025-03-21,2025,Groundcherry,Genome Edited Groundcherry for Cessation of Fruit Drop,https://www.aphis.usda.gov/sites/default/files/25-037-01air-response.pdf,Nonregulated or exempt
USDA,air,25-086-01air,2025-04-08,2025,Pepper,Genome Edited Pepper for Drought Tolerance,https://www.aphis.usda.gov/sites/default/files/25-086-01air-response.pdf,Nonregulated or exempt
USDA,air,25-086-02air,2025-04-08,2025,Canola,Genome Edited Canola for Disease Resistance,https://www.aphis.usda.gov/sites/default/files/25-086-02air-response.pdf,Nonregulated or exempt
USDA,air,25-086-03air,2025-04-08,2025,Canola,Genome Edited Canola for Herbicide Resistance,https://www.aphis.usda.gov/sites/default/files/25-086-03air-response.pdf,Nonregulated or exempt
USDA,air,25-097-01air,2025-04-10,2025,Soybean,Genome Edited Soybean with Improved Architecture,https://www.aphis.usda.gov/sites/default/files/25-097-01air-response.pdf,Nonregulated or exempt
USDA,air,25-097-02air,2025-04-14,2025,Canola,Genome Edited Canola for Disease Resistance,https://www.aphis.usda.gov/sites/default/files/25-097-02air-response.pdf,Nonregulated or exempt
USDA,air,25-101-03air,2025-04-21,2025,Pennycress,"Genome Edited Pennycress for Herbicide Resistance, Altered Seed and Pod Characteristics, and Earlier Maturation",https://www.aphis.usda.gov/sites/default/files/25-101-03air-response.pdf,Nonregulated or exempt
USDA,air,25-073-01air,2025-04-22,2025,Potato,Genome Edited Potatoes for Waxy Tubers,https://www.aphis.usda.gov/sites/default/files/25-073-01air-response.pdf,Nonregulated or exempt
USDA,air,25-106-01air,2025-04-29,2025,Lettuce,Genome Edited Lettuce for Increased Biomass,https://www.aphis.usda.gov/sites/default/files/25-106-01air-response.pdf,Nonregulated or exempt
USDA,air,25-101-02air,2025-05-01,2025,Rice,Genome Edited Rice for Herbicide Resistance,https://www.aphis.usda.gov/sites/default/files/25-101-02air-response.pdf,Nonregulated or exempt
USDA,air,25-114-01air,2025-05-01,2025,Citrus,Genome Edited Sweet Orange for Resistance to HLB Disease,https://www.aphis.usda.gov/sites/default/files/25-114-01air-response.pdf,Nonregulated or exempt
USDA,air,25-118-01air,2025-05-05,2025,Pennycress,Genome Edited Pennycress for Altered Root Biomass,https://www.aphis.usda.gov/sites/default/files/25-118-01air-response.pdf,Nonregulated or exempt
USDA,air,25-087-01air,2025-05-09,2025,Tomato,Genome Edited Tomato for Altered Fruit Quality,https://www.aphis.usda.gov/sites/default/files/25-087-01air-response.pdf,Nonregulated or exempt
USDA,air,25-129-02air,2025-05-22,2025,Corn,Genome Edited Maize with a Pericentric Chromosomal Inversion,https://www.aphis.usda.gov/sites/default/files/25-129-02air-response.pdf,Nonregulated or exempt
USDA,air,25-122-01air,2025-06-05,2025,Tomato,Genome Edited Tomato with Increased Ascorbic Acid in Fruit,https://www.aphis.usda.gov/sites/default/files/25-122-01air-response.pdf,Nonregulated or exempt
USDA,air,25-140-01air,2025-06-16,2025,Corn,Genome Edited Corn for Increased Yield and Altered Plant Architecture,https://www.aphis.usda.gov/sites/default/files/25-140-01air-response.pdf,Nonregulated or exempt
USDA,air,25-155-01air,2025-06-24,2025,Citrus,Genome Edited Sweet Orange for Resistance to HLB Disease,https://www.aphis.usda.gov/sites/default/files/25-155-01air-response.pdf,Nonregulated or exempt
USDA,air,25-161-01air,2025-06-27,2025,Tomato,Genome Edited Tomato with Enhanced Fruit Quality,https://www.aphis.usda.gov/sites/default/files/25-161-01air-response.pdf,Nonregulated or exempt
USDA,air,25-160-01air,2025-06-30,2025,Soybean,Genome Edited Soybean with Increased Root Depth,https://www.aphis.usda.gov/sites/default/files/25-160-01air-response.pdf,Nonregulated or exempt
USDA,air,25-183-01air,2025-07-17,2025,Pennycress,"Genome Edited Pennycress for Herbicide Resistance, Altered Seed and Pod Characteristics, Earlier Maturation, and Increased Yield",https://www.aphis.usda.gov/sites/default/files/25-183-01air-response.pdf,Nonregulated or exempt
USDA,air,25-178-01air,2025-07-18,2025,Corn,Genome Edited Maize for Improved Root Architecture and Ear Morphology,https://www.aphis.usda.gov/sites/default/files/25-178-01air-response.pdf,Nonregulated or exempt
USDA,air,25-189-01air,2025-07-23,2025,Sorghum,Genome Edited Sorghum for Herbicide Resistance,https://www.aphis.usda.gov/sites/default/files/25-189-01air-response.pdf,Nonregulated or exempt
USDA,air,25-191-01air,2025-08-06,2025,Tomato,Genome Edited Tomato for Enhanced Fruit Nutritional Content,https://www.aphis.usda.gov/sites/default/files/25-191-01air-response.pdf,Nonregulated or exempt
USDA,air,25-191-02air,2025-08-06,2025,Sugar beet,Genome Edited Sugar Beet for Herbicide Resistance,https://www.aphis.usda.gov/sites/default/files/25-191-02air-response.pdf,Nonregulated or exempt
USDA,air,25-204-01air,2025-08-26,2025,Soybean,Genome Edited Soybean for Reduced Raffinose Content,https://www.aphis.usda.gov/sites/default/files/25-204-01air-response.pdf,Nonregulated or exempt
USDA,air,25-199-01air,2025-08-28,2025,Wheat,Genome Edited Wheat for Reduced Production of Polyphenol Oxidase and Asparagine in Grain,https://www.aphis.usda.gov/sites/default/files/25-199-01air-response.pdf,Nonregulated or exempt
USDA,air,25-218-02air,2025-09-02,2025,Soybean,Genome Edited Soybean for Increased Yield and Modified Plant Architecture,https://www.aphis.usda.gov/sites/default/files/25-218-02air-response.pdf,Nonregulated or exempt
USDA,air,25-233-01air,2025-09-02,2025,Wheat,GE Wheat Engineered to be Enhanced,https://www.aphis.usda.gov/sites/default/files/25-233-01air-response.pdf,Nonregulated or exempt
USDA,air,25-216-01air,2025-09-12,2025,Cucumber,Genome Edited Cucumber for Improved and Altered Product Quality,https://www.aphis.usda.gov/sites/default/files/25-216-01air-response.pdf,Nonregulated or exempt
USDA,air,25-218-01air,2025-09-12,2025,Potato,Genome Edited Potato for Improved and Altered Product Quality,https://www.aphis.usda.gov/sites/default/files/25-218-01air-response.pdf,Nonregulated or exempt
USDA,air,25-226-02air,2025-09-12,2025,Pennycress,Genome Edited Pennycress for Altered Root System Architecture,https://www.aphis.usda.gov/sites/default/files/25-226-02air-response.pdf,Nonregulated or exempt
USDA,air,25-211-01air,2025-09-17,2025,Tomato,Modified Tomato for Disease Resistance,https://www.aphis.usda.gov/sites/default/files/25-211-01air-response.pdf,Nonregulated or exempt
USDA,air,25-237-04air,2025-09-17,2025,Grape,Genome Edited Grape for Seedlessness,https://www.aphis.usda.gov/sites/default/files/25-237-04air-response.pdf,Nonregulated or exempt
USDA,air,25-245-01air,2025-09-17,2025,Potato,Genome Edited Potatoes for Reduced Steroidal Glycoalkaloid Accumulation,https://www.aphis.usda.gov/sites/default/files/25-245-01air-response.pdf,Nonregulated or exempt
USDA,air,25-226-01air,2025-09-19,2025,Soybean,Genome Edited Soybean for Improved Yield,https://www.aphis.usda.gov/sites/default/files/25-226-01air-response.pdf,Nonregulated or exempt
USDA,petitions,20-205-01p,2025-09-24,2025,Corn,Insect (Lepidopteran) Resistant/MON 95379,https://www.regulations.gov/docket/APHIS-2020-0113/document,Deregulated
USDA,air,25-209-01air,2025-11-21,2025,Sorghum,Genome Edited Sorghum for Altered Stomatal Morphology at Low CO2,https://www.aphis.usda.gov/sites/default/files/25-209-01air-response.pdf,Nonregulated or exempt
USDA,air,25-245-02air,2025-11-21,2025,Peanut,Genome Edited Peanut for Reduced 2S Albumin Proteins,https://www.aphis.usda.gov/sites/default/files/25-245-02air-response.pdf,Nonregulated or exempt
USDA,air,25-259-01air,2025-11-21,2025,Soybean,Genome Edited Soybean for Drought Tolerance,https://www.aphis.usda.gov/sites/default/files/25-259-01air-response.pdf,Nonregulated or exempt
USDA,air,25-317-01air,2025-12-09,2025,Wheat,Genome Edited Wheat for Improved Yield and Modified Plant Architecture,https://www.aphis.usda.gov/sites/default/files/25-317-01air-response.pdf,Nonregulated or exempt
USDA,air,25-317-06air,2025-12-09,2025,Tomato,Genome Edited Tomato for Delayed Fruit Ripening,https://www.aphis.usda.gov/sites/default/files/25-317-06air-response.pdf,Nonregulated or exempt
USDA,air,25-317-08air,2025-12-09,2025,Pennycress,"Genome Edited Pennycress for Herbicide Resistance, Altered Seed and Pod Characteristics, Earlier Maturation, and Increased Yield",https://www.aphis.usda.gov/sites/default/files/25-317-08air-response.pdf,Nonregulated or exempt
USDA,air,25-317-02air,2025-12-16,2025,Tomato,Genome Edited Tomato for Improved Heat Tolerance,https://www.aphis.usda.gov/sites/default/files/25-317-02air-response.pdf,Nonregulated or exempt
USDA,air,25-317-05air,2025-12-16,2025,Tomato,Genome Edited Tomato for Decreased Plant Stature,https://www.aphis.usda.gov/sites/default/files/25-317-05air-response.pdf,Nonregulated or exempt
USDA,air,25-317-07air,2026-01-07,2026,Hemp,Genome Edited Hemp for Resistance Powdery Mildew,https://www.aphis.usda.gov/sites/default/files/25-317-07air-response.pdf,Nonregulated or exempt
USDA,air,25-317-09air,2026-01-07,2026,Hemp,Genome Edited Hemp to be Cannabinoid Free,https://www.aphis.usda.gov/sites/default/files/25-317-09air-response.pdf,Nonregulated or exempt
USDA,air,25-260-01air,2026-01-16,2026,Corn,Genome Edited Maize for Relocation of QTLs to Co-Locate Traits of Interest,https://www.aphis.usda.gov/sites/default/files/25-260-01air-response.pdf,Nonregulated or exempt
USDA,air,25-317-03air,2026-01-28,2026,Peanut,Genome Edited Peanut for Improved Quality,https://www.aphis.usda.gov/sites/default/files/25-317-03air-response.pdf,Nonregulated or exempt
USDA,air,25-322-01air,2026-01-28,2026,Corn,Genome Edited Maize with Insect Resistance,https://www.aphis.usda.gov/sites/default/files/25-322-01air-response.pdf,Nonregulated or exempt
USDA,air,25-339-01air,2026-01-28,2026,Almond,Genome Edited Almond for Self-Pollination Compatibility,https://www.aphis.usda.gov/sites/default/files/25-339-01air-response.pdf,Nonregulated or exempt
USDA,air,25-364-01air,2026-01-28,2026,Rice,Genome Edited Rice for Drought Tolerance,https://www.aphis.usda.gov/sites/default/files/25-364-01air-response.pdf,Nonregulated or exempt
USDA,air,26-009-01air,2026-02-10,2026,Tomato,Genome Edited Tomato for Altered Fruit Quality,https://www.aphis.usda.gov/sites/default/files/26-009-01air-response.pdf,Nonregulated or exempt
USDA,air,26-009-02air,2026-02-10,2026,Tomato,Genome Edited Tomato for Altered Fruit Quality,https://www.aphis.usda.gov/sites/default/files/26-009-02air-response.pdf,Nonregulated or exempt
USDA,air,25-357-01air,2026-02-17,2026,Sugarcane,Modified Sugarcane for Delayed or No Flowering,https://www.aphis.usda.gov/sites/default/files/25-357-01air-response.pdf,Nonregulated or exempt
USDA,air,26-008-01air,2026-03-05,2026,Corn,Genome Edited Maize for Increased Agronomic Performance and Improved Ruminant Digestibility,https://www.aphis.usda.gov/sites/default/files/26-008-01air-response.pdf,Nonregulated or exempt
USDA,air,26-028-01air,2026-03-05,2026,Citrus,Genome Edited Sweet Orange for Resistance to HLB Disease,https://www.aphis.usda.gov/sites/default/files/26-028-01air-response.pdf,Nonregulated or exempt
USDA,air,26-030-01air,2026-03-05,2026,Citrus,Genome Edited Sweet Orange for Resistance to HLB Disease,https://www.aphis.usda.gov/sites/default/files/26-030-01air-response.pdf,Nonregulated or exempt
USDA,air,26-043-01air,2026-03-05,2026,Citrus,Genome Edited Sweet Orange for Resistance to HLB Disease,https://www.aphis.usda.gov/sites/default/files/26-043-01air-response.pdf,Nonregulated or exempt
USDA,air,26-056-01air,2026-03-18,2026,Soybean,Genome Edited Soybean for Increased Yield,https://www.aphis.usda.gov/sites/default/files/26-056-01air-response.pdf,Nonregulated or exempt
USDA,petitions,25-083-01p,2026-03-19,2026,Corn,Insect Resistant (coleopteran)/MON 95275,https://www.regulations.gov/docket/APHIS-2025-0021/document,Deregulated
USDA,air,26-033-01air,2026-03-19,2026,Rice,Modified Rice for Cytoplasmic Male Sterility,https://www.aphis.usda.gov/sites/default/files/26-033-01air-response.pdf,Nonregulated or exempt
USDA,air,26-041-01air,2026-04-02,2026,Rice,Genome Edited Rice for Altered Stomatal Morphology at Low CO2,https://www.aphis.usda.gov/sites/default/files/26-041-01air-response.pdf,Nonregulated or exempt
USDA,air,26-062-01air,2026-04-02,2026,Cotton,Genome Edited Cotton for Altered Water Use,https://www.aphis.usda.gov/sites/default/files/26-062-01air-response.pdf,Nonregulated or exempt
USDA,air,26-061-01air,2026-04-17,2026,Corn,Genome Edited Maize for Altered Root System Architecture,https://www.aphis.usda.gov/sites/default/files/26-061-01air-response.pdf,Nonregulated or exempt
USDA,air,26-068-01air,2026-05-04,2026,Corn,Genome Edited Maize for Improved Nitrogen Use Efficiency,https://www.aphis.usda.gov/sites/default/files/26-068-01air-response.pdf,Nonregulated or exempt
USDA,air,26-079-01air,2026-05-04,2026,Corn,Genome Edited Maize for Altered Plant Defense,https://www.aphis.usda.gov/sites/default/files/26-079-01air-response.pdf,Nonregulated or exempt
USDA,air,26-097-01air,2026-05-04,2026,Grape,Genome Edited Grapes for Improved Product Quality and Disease and Abiotic Stress Resistance,https://www.aphis.usda.gov/sites/default/files/26-097-01air-response.pdf,Nonregulated or exempt
USDA,air,26-090-01air,2026-05-13,2026,Corn,Genome Edited Corn for Improved Yield,https://www.aphis.usda.gov/sites/default/files/26-090-01air-response.pdf,Nonregulated or exempt
USDA,petitions,25-171-01ext,2026-05-19,2026,Corn,Insect-resistance and glufosinate-ammonium tolerance,https://www.aphis.usda.gov/sites/default/files/25-171-01ext-pprsa-determination.pdf,Deregulated
USDA,air,26-112-01air,2026-06-16,2026,Peanut,Genome Edited Peanut for Improved Quality,https://www.aphis.usda.gov/sites/default/files/26-112-01air-response.pdf,Nonregulated or exempt
USDA,air,26-131-02air,2026-06-16,2026,Lettuce,Genome Edited Lettuce for Altered Growth Habit,https://www.aphis.usda.gov/sites/default/files/26-131-02air-response.pdf,Nonregulated or exempt
USDA,air,26-098-01air,2026-06-24,2026,Corn,Genome Edited Maize for Altered Grain Composition,https://www.aphis.usda.gov/sites/default/files/26-098-01air-response.pdf,Nonregulated or exempt
USDA,petitions,25-125-01p,2026-06-30,2026,Citrus,Disease Resistant/CarriCea,https://www.regulations.gov/docket/APHIS-2025-1067/document,Deregulated
USDA,air,26-113-01air,2026-07-14,2026,Tomato,Genome Edited Tomato for Enhanced Fruit Nutritional Content,https://www.aphis.usda.gov/sites/default/files/26-113-01air-response.pdf,Nonregulated or exempt
USDA,air,26-159-01air,2026-07-14,2026,Sorghum,Genome Edited Sorghum for Reduced Biomass Under Drought Stress,https://www.aphis.usda.gov/sites/default/files/26-159-01air-response.pdf,Nonregulated or exempt
USDA,petitions,19-316-01p,2026-08-05,2026,Corn,Herbicide Tolerant/MON 87429,https://www.aphis.usda.gov/sites/default/files/aphis-2025-0029-0001.pdf,Deregulated
USDA,air,26-124-01air,2026-08-13,2026,Soybean,Genome Edited Soybean for Altered Seed Composition,https://www.aphis.usda.gov/sites/default/files/26-124-01air-response.pdf,Nonregulated or exempt
USDA,air,26-173-01air,2026-08-14,2026,Tomato,Genome Edited Tomato for Enhanced Abiotic Stress Tolerance,https://www.aphis.usda.gov/sites/default/files/26-173-01air-response.pdf,Nonregulated or exempt
USDA,petitions,19-309-01p,2026-08-28,2026,Chestnut,Blight Resistant/Darling 54,https://www.regulations.gov/search?searchTerm=APHIS-2020-0030,Deregulated
USDA,air,26-160-01air,2026-09-01,2026,Corn,"Genome Edited Maize for Altered Phosphorus, Nitrogen, Phytic Acid, and Glycerolipid Levels",https://www.aphis.usda.gov/sites/default/files/26-160-01air-response.pdf,Nonregulated or exempt
USDA,air,26-201-02air,2026-09-03,2026,Peanut,Genome Edited Peanut for Reduced Allergen Accumulation and Altered Composition,https://www.aphis.usda.gov/sites/default/files/26-201-02air-response.pdf,Nonregulated or exempt
USDA,air,26-203-01air,2026-09-03,2026,Sorghum,Genome Edited Sorghum for Altered Seed Color,https://www.aphis.usda.gov/sites/default/files/26-203-01air-response.pdf,Nonregulated or exempt
USDA,air,26-194-01air,2026-09-10,2026,Pennycress,Genome Edited Pennycress for Altered Flowering Time and Reduced Elongation,https://www.aphis.usda.gov/sites/default/files/26-194-01air-response.pdf,Nonregulated or exempt
USDA,air,26-244-01air,2026-09-17,2026,Rice,Genome Edited Rice for Improved Nitrogen Use Efficiency,https://www.aphis.usda.gov/sites/default/files/26-244-01air-response.pdf,Nonregulated or exempt
USDA,air,26-244-02air,2026-09-17,2026,Rice,Genome Edited Rice for Improved Nitrogen Use Efficiency,https://www.aphis.usda.gov/sites/default/files/26-244-02air-response.pdf,Nonregulated or exempt
