dataset,year,funding_mechanism,nominal_million,billion_2022_dollars,scope,deflator
USDA R&D outlays,2003,all,1966.0,3.3813598667160307,Agency outlays or university expenditures; see dataset-specific methods,NIH/BEA BRDPI March 2025; 2022 dollars
NIFA R&D outlays,2003,all,503.0,0.8651190299888929,Agency outlays or university expenditures; see dataset-specific methods,NIH/BEA BRDPI March 2025; 2022 dollars
USDA plant outlays,2003,all,77.0,0.1324337282487967,Agency outlays or university expenditures; see dataset-specific methods,NIH/BEA BRDPI March 2025; 2022 dollars
Non-USDA university agricultural sciences,2003,all,273.054,0.4696306393928174,Agency outlays or university expenditures; see dataset-specific methods,NIH/BEA BRDPI March 2025; 2022 dollars
Identified federal spending including facilities,2003,all,2316.054,3.9834242343576447,USDA R&D + plant outlays + identified non-USDA university agricultural sciences; allocation uncertainty before 2010,NIH/BEA BRDPI March 2025; 2022 dollars
USDA R&D outlays,2004,all,2048.0,3.396032125646975,Agency outlays or university expenditures; see dataset-specific methods,NIH/BEA BRDPI March 2025; 2022 dollars
NIFA R&D outlays,2004,all,507.0,0.8407169373549884,Agency outlays or university expenditures; see dataset-specific methods,NIH/BEA BRDPI March 2025; 2022 dollars
USDA plant outlays,2004,all,113.0,0.18737872568267003,Agency outlays or university expenditures; see dataset-specific methods,NIH/BEA BRDPI March 2025; 2022 dollars
Non-USDA university agricultural sciences,2004,all,412.268,0.6836305529180796,Agency outlays or university expenditures; see dataset-specific methods,NIH/BEA BRDPI March 2025; 2022 dollars
Identified federal spending including facilities,2004,all,2573.268,4.267041404247725,USDA R&D + plant outlays + identified non-USDA university agricultural sciences; allocation uncertainty before 2010,NIH/BEA BRDPI March 2025; 2022 dollars
USDA R&D outlays,2005,all,2132.0,3.4029225219034527,Agency outlays or university expenditures; see dataset-specific methods,NIH/BEA BRDPI March 2025; 2022 dollars
NIFA R&D outlays,2005,all,563.0,0.8986141556433601,Agency outlays or university expenditures; see dataset-specific methods,NIH/BEA BRDPI March 2025; 2022 dollars
USDA plant outlays,2005,all,149.0,0.23782150833190172,Agency outlays or university expenditures; see dataset-specific methods,NIH/BEA BRDPI March 2025; 2022 dollars
Non-USDA university agricultural sciences,2005,all,384.171,0.6131820582374163,Agency outlays or university expenditures; see dataset-specific methods,NIH/BEA BRDPI March 2025; 2022 dollars
Identified federal spending including facilities,2005,all,2665.171,4.253926088472771,USDA R&D + plant outlays + identified non-USDA university agricultural sciences; allocation uncertainty before 2010,NIH/BEA BRDPI March 2025; 2022 dollars
USDA R&D outlays,2006,all,2185.0,3.3331967818734096,Agency outlays or university expenditures; see dataset-specific methods,NIH/BEA BRDPI March 2025; 2022 dollars
NIFA R&D outlays,2006,all,586.0,0.8939374435596421,Agency outlays or university expenditures; see dataset-specific methods,NIH/BEA BRDPI March 2025; 2022 dollars
USDA plant outlays,2006,all,185.0,0.2822157458336754,Agency outlays or university expenditures; see dataset-specific methods,NIH/BEA BRDPI March 2025; 2022 dollars
Non-USDA university agricultural sciences,2006,all,396.423,0.6047395276249898,Agency outlays or university expenditures; see dataset-specific methods,NIH/BEA BRDPI March 2025; 2022 dollars
Identified federal spending including facilities,2006,all,2766.423,4.220152055332075,USDA R&D + plant outlays + identified non-USDA university agricultural sciences; allocation uncertainty before 2010,NIH/BEA BRDPI March 2025; 2022 dollars
USDA R&D outlays,2007,all,2218.0,3.2596390382790257,Agency outlays or university expenditures; see dataset-specific methods,NIH/BEA BRDPI March 2025; 2022 dollars
NIFA R&D outlays,2007,all,622.0,0.9141097753875356,Agency outlays or university expenditures; see dataset-specific methods,NIH/BEA BRDPI March 2025; 2022 dollars
USDA plant outlays,2007,all,216.0,0.31744005061689334,Agency outlays or university expenditures; see dataset-specific methods,NIH/BEA BRDPI March 2025; 2022 dollars
Non-USDA university agricultural sciences,2007,all,373.633,0.5491022149636191,Agency outlays or university expenditures; see dataset-specific methods,NIH/BEA BRDPI March 2025; 2022 dollars
Identified federal spending including facilities,2007,all,2807.633,4.126181303859537,USDA R&D + plant outlays + identified non-USDA university agricultural sciences; allocation uncertainty before 2010,NIH/BEA BRDPI March 2025; 2022 dollars
USDA R&D outlays,2008,all,2254.0,3.164626218360408,Agency outlays or university expenditures; see dataset-specific methods,NIH/BEA BRDPI March 2025; 2022 dollars
NIFA R&D outlays,2008,all,639.0,0.8971588968643748,Agency outlays or university expenditures; see dataset-specific methods,NIH/BEA BRDPI March 2025; 2022 dollars
USDA plant outlays,2008,all,148.0,0.2077926709482433,Agency outlays or university expenditures; see dataset-specific methods,NIH/BEA BRDPI March 2025; 2022 dollars
Non-USDA university agricultural sciences,2008,all,366.577,0.5146757698526634,Agency outlays or university expenditures; see dataset-specific methods,NIH/BEA BRDPI March 2025; 2022 dollars
Identified federal spending including facilities,2008,all,2768.577,3.887094659161315,USDA R&D + plant outlays + identified non-USDA university agricultural sciences; allocation uncertainty before 2010,NIH/BEA BRDPI March 2025; 2022 dollars
USDA R&D outlays,2009,all,2229.0,3.040393305439331,Agency outlays or university expenditures; see dataset-specific methods,NIH/BEA BRDPI March 2025; 2022 dollars
NIFA R&D outlays,2009,all,634.0,0.8647866108786612,Agency outlays or university expenditures; see dataset-specific methods,NIH/BEA BRDPI March 2025; 2022 dollars
USDA plant outlays,2009,all,75.0,0.10230125523012552,Agency outlays or university expenditures; see dataset-specific methods,NIH/BEA BRDPI March 2025; 2022 dollars
Non-USDA university agricultural sciences,2009,all,354.178,0.483104719665272,Agency outlays or university expenditures; see dataset-specific methods,NIH/BEA BRDPI March 2025; 2022 dollars
Identified federal spending including facilities,2009,all,2658.178,3.6257992803347285,USDA R&D + plant outlays + identified non-USDA university agricultural sciences; allocation uncertainty before 2010,NIH/BEA BRDPI March 2025; 2022 dollars
USDA R&D outlays,2010,all,2309.0,3.056624492412909,Agency outlays or university expenditures; see dataset-specific methods,NIH/BEA BRDPI March 2025; 2022 dollars
NIFA R&D outlays,2010,all,612.0,0.8101577260098312,Agency outlays or university expenditures; see dataset-specific methods,NIH/BEA BRDPI March 2025; 2022 dollars
USDA plant outlays,2010,all,126.0,0.166797178884377,Agency outlays or university expenditures; see dataset-specific methods,NIH/BEA BRDPI March 2025; 2022 dollars
Non-USDA university agricultural sciences,2010,all,430.203,0.5694971964094891,Agency outlays or university expenditures; see dataset-specific methods,NIH/BEA BRDPI March 2025; 2022 dollars
Identified federal spending including facilities,2010,all,2865.203,3.792918867706775,USDA R&D + plant outlays + identified non-USDA university agricultural sciences; allocation uncertainty before 2010,NIH/BEA BRDPI March 2025; 2022 dollars
USDA R&D outlays,2011,all,2301.0,2.961228755453979,Agency outlays or university expenditures; see dataset-specific methods,NIH/BEA BRDPI March 2025; 2022 dollars
NIFA R&D outlays,2011,all,654.0,0.841653023062539,Agency outlays or university expenditures; see dataset-specific methods,NIH/BEA BRDPI March 2025; 2022 dollars
USDA plant outlays,2011,all,119.0,0.1531448161230002,Agency outlays or university expenditures; see dataset-specific methods,NIH/BEA BRDPI March 2025; 2022 dollars
Non-USDA university agricultural sciences,2011,all,476.106,0.6127156792021607,Agency outlays or university expenditures; see dataset-specific methods,NIH/BEA BRDPI March 2025; 2022 dollars
Identified federal spending including facilities,2011,all,2896.106,3.72708925077914,USDA R&D + plant outlays + identified non-USDA university agricultural sciences; allocation uncertainty before 2010,NIH/BEA BRDPI March 2025; 2022 dollars
USDA R&D outlays,2012,all,2290.0,2.909790754923413,Agency outlays or university expenditures; see dataset-specific methods,NIH/BEA BRDPI March 2025; 2022 dollars
NIFA R&D outlays,2012,all,707.0,0.8983502461706784,Agency outlays or university expenditures; see dataset-specific methods,NIH/BEA BRDPI March 2025; 2022 dollars
USDA plant outlays,2012,all,70.0,0.08894556892778993,Agency outlays or university expenditures; see dataset-specific methods,NIH/BEA BRDPI March 2025; 2022 dollars
Non-USDA university agricultural sciences,2012,all,520.966,0.6619659608862145,Agency outlays or university expenditures; see dataset-specific methods,NIH/BEA BRDPI March 2025; 2022 dollars
Identified federal spending including facilities,2012,all,2880.966,3.6607022847374178,USDA R&D + plant outlays + identified non-USDA university agricultural sciences; allocation uncertainty before 2010,NIH/BEA BRDPI March 2025; 2022 dollars
USDA R&D outlays,2013,all,2232.0,2.7839323399113973,Agency outlays or university expenditures; see dataset-specific methods,NIH/BEA BRDPI March 2025; 2022 dollars
NIFA R&D outlays,2013,all,688.0,0.8581296818364882,Agency outlays or university expenditures; see dataset-specific methods,NIH/BEA BRDPI March 2025; 2022 dollars
USDA plant outlays,2013,all,24.0,0.02993475634313331,Agency outlays or university expenditures; see dataset-specific methods,NIH/BEA BRDPI March 2025; 2022 dollars
Non-USDA university agricultural sciences,2013,all,505.685,0.6307315525573902,Agency outlays or university expenditures; see dataset-specific methods,NIH/BEA BRDPI March 2025; 2022 dollars
Identified federal spending including facilities,2013,all,2761.685,3.444598648811921,USDA R&D + plant outlays + identified non-USDA university agricultural sciences; allocation uncertainty before 2010,NIH/BEA BRDPI March 2025; 2022 dollars
USDA R&D outlays,2014,all,2321.0,2.834066368773821,Agency outlays or university expenditures; see dataset-specific methods,NIH/BEA BRDPI March 2025; 2022 dollars
NIFA R&D outlays,2014,all,824.0,1.0061485083453805,Agency outlays or university expenditures; see dataset-specific methods,NIH/BEA BRDPI March 2025; 2022 dollars
USDA plant outlays,2014,all,19.0,0.0232000262846629,Agency outlays or university expenditures; see dataset-specific methods,NIH/BEA BRDPI March 2025; 2022 dollars
Non-USDA university agricultural sciences,2014,all,471.158,0.5753093675910107,Agency outlays or university expenditures; see dataset-specific methods,NIH/BEA BRDPI March 2025; 2022 dollars
Identified federal spending including facilities,2014,all,2811.158,3.432575762649494,USDA R&D + plant outlays + identified non-USDA university agricultural sciences; allocation uncertainty before 2010,NIH/BEA BRDPI March 2025; 2022 dollars
USDA R&D outlays,2015,all,2320.0,2.7764693759258066,Agency outlays or university expenditures; see dataset-specific methods,NIH/BEA BRDPI March 2025; 2022 dollars
NIFA R&D outlays,2015,all,772.0,0.9238941199201391,Agency outlays or university expenditures; see dataset-specific methods,NIH/BEA BRDPI March 2025; 2022 dollars
USDA plant outlays,2015,all,19.0,0.02273832678559928,Agency outlays or university expenditures; see dataset-specific methods,NIH/BEA BRDPI March 2025; 2022 dollars
Non-USDA university agricultural sciences,2015,all,459.503,0.5499120722612223,Agency outlays or university expenditures; see dataset-specific methods,NIH/BEA BRDPI March 2025; 2022 dollars
Identified federal spending including facilities,2015,all,2798.503,3.3491197749726282,USDA R&D + plant outlays + identified non-USDA university agricultural sciences; allocation uncertainty before 2010,NIH/BEA BRDPI March 2025; 2022 dollars
USDA R&D outlays,2016,all,2411.0,2.8239017964071857,Agency outlays or university expenditures; see dataset-specific methods,NIH/BEA BRDPI March 2025; 2022 dollars
NIFA R&D outlays,2016,all,798.0,0.9346634730538923,Agency outlays or university expenditures; see dataset-specific methods,NIH/BEA BRDPI March 2025; 2022 dollars
USDA plant outlays,2016,all,21.0,0.024596407185628746,Agency outlays or university expenditures; see dataset-specific methods,NIH/BEA BRDPI March 2025; 2022 dollars
Non-USDA university agricultural sciences,2016,all,351.498,0.4116946634730539,Agency outlays or university expenditures; see dataset-specific methods,NIH/BEA BRDPI March 2025; 2022 dollars
Identified federal spending including facilities,2016,all,2783.498,3.260192867065868,USDA R&D + plant outlays + identified non-USDA university agricultural sciences; allocation uncertainty before 2010,NIH/BEA BRDPI March 2025; 2022 dollars
USDA R&D outlays,2017,all,2330.0,2.659953308349204,Agency outlays or university expenditures; see dataset-specific methods,NIH/BEA BRDPI March 2025; 2022 dollars
NIFA R&D outlays,2017,all,706.0,0.8059772685384284,Agency outlays or university expenditures; see dataset-specific methods,NIH/BEA BRDPI March 2025; 2022 dollars
USDA plant outlays,2017,all,15.0,0.017124162929286722,Agency outlays or university expenditures; see dataset-specific methods,NIH/BEA BRDPI March 2025; 2022 dollars
Non-USDA university agricultural sciences,2017,all,354.377,0.4045606324261228,Agency outlays or university expenditures; see dataset-specific methods,NIH/BEA BRDPI March 2025; 2022 dollars
Identified federal spending including facilities,2017,all,2699.377,3.081638103704614,USDA R&D + plant outlays + identified non-USDA university agricultural sciences; allocation uncertainty before 2010,NIH/BEA BRDPI March 2025; 2022 dollars
USDA R&D outlays,2018,all,2308.0,2.5707160582629025,Agency outlays or university expenditures; see dataset-specific methods,NIH/BEA BRDPI March 2025; 2022 dollars
NIFA R&D outlays,2018,all,735.0,0.8186639093688186,Agency outlays or university expenditures; see dataset-specific methods,NIH/BEA BRDPI March 2025; 2022 dollars
USDA plant outlays,2018,all,39.0,0.043439309476712824,Agency outlays or university expenditures; see dataset-specific methods,NIH/BEA BRDPI March 2025; 2022 dollars
Non-USDA university agricultural sciences,2018,all,321.498,0.3580936184139544,Agency outlays or university expenditures; see dataset-specific methods,NIH/BEA BRDPI March 2025; 2022 dollars
Identified federal spending including facilities,2018,all,2668.498,2.9722489861535695,USDA R&D + plant outlays + identified non-USDA university agricultural sciences; allocation uncertainty before 2010,NIH/BEA BRDPI March 2025; 2022 dollars
USDA R&D outlays,2019,all,2498.0,2.7246910072787047,Agency outlays or university expenditures; see dataset-specific methods,NIH/BEA BRDPI March 2025; 2022 dollars
NIFA R&D outlays,2019,all,884.0,0.9642221178680441,Agency outlays or university expenditures; see dataset-specific methods,NIH/BEA BRDPI March 2025; 2022 dollars
USDA plant outlays,2019,all,49.0,0.053446701103545435,Agency outlays or university expenditures; see dataset-specific methods,NIH/BEA BRDPI March 2025; 2022 dollars
Non-USDA university agricultural sciences,2019,all,321.298,0.35045547288095796,Agency outlays or university expenditures; see dataset-specific methods,NIH/BEA BRDPI March 2025; 2022 dollars
Identified federal spending including facilities,2019,all,2868.298,3.128593181263207,USDA R&D + plant outlays + identified non-USDA university agricultural sciences; allocation uncertainty before 2010,NIH/BEA BRDPI March 2025; 2022 dollars
USDA R&D outlays,2020,all,2459.0,2.6360411907234336,Agency outlays or university expenditures; see dataset-specific methods,NIH/BEA BRDPI March 2025; 2022 dollars
NIFA R&D outlays,2020,all,738.0,0.7911339563862929,Agency outlays or university expenditures; see dataset-specific methods,NIH/BEA BRDPI March 2025; 2022 dollars
USDA plant outlays,2020,all,75.0,0.08039979231568016,Agency outlays or university expenditures; see dataset-specific methods,NIH/BEA BRDPI March 2025; 2022 dollars
Non-USDA university agricultural sciences,2020,all,379.895,0.4072463880235375,Agency outlays or university expenditures; see dataset-specific methods,NIH/BEA BRDPI March 2025; 2022 dollars
Identified federal spending including facilities,2020,all,2913.895,3.1236873710626516,USDA R&D + plant outlays + identified non-USDA university agricultural sciences; allocation uncertainty before 2010,NIH/BEA BRDPI March 2025; 2022 dollars
USDA R&D outlays,2021,all,2593.0,2.7119449541284406,Agency outlays or university expenditures; see dataset-specific methods,NIH/BEA BRDPI March 2025; 2022 dollars
NIFA R&D outlays,2021,all,779.0,0.8147339449541284,Agency outlays or university expenditures; see dataset-specific methods,NIH/BEA BRDPI March 2025; 2022 dollars
USDA plant outlays,2021,all,111.0,0.11609174311926605,Agency outlays or university expenditures; see dataset-specific methods,NIH/BEA BRDPI March 2025; 2022 dollars
Non-USDA university agricultural sciences,2021,all,373.322,0.3904468623853211,Agency outlays or university expenditures; see dataset-specific methods,NIH/BEA BRDPI March 2025; 2022 dollars
Identified federal spending including facilities,2021,all,3077.322,3.2184835596330275,USDA R&D + plant outlays + identified non-USDA university agricultural sciences; allocation uncertainty before 2010,NIH/BEA BRDPI March 2025; 2022 dollars
USDA R&D outlays,2022,all,2849.0,2.849,Agency outlays or university expenditures; see dataset-specific methods,NIH/BEA BRDPI March 2025; 2022 dollars
NIFA R&D outlays,2022,all,908.0,0.908,Agency outlays or university expenditures; see dataset-specific methods,NIH/BEA BRDPI March 2025; 2022 dollars
USDA plant outlays,2022,all,109.0,0.109,Agency outlays or university expenditures; see dataset-specific methods,NIH/BEA BRDPI March 2025; 2022 dollars
Non-USDA university agricultural sciences,2022,all,431.436,0.431436,Agency outlays or university expenditures; see dataset-specific methods,NIH/BEA BRDPI March 2025; 2022 dollars
Identified federal spending including facilities,2022,all,3389.436,3.3894360000000003,USDA R&D + plant outlays + identified non-USDA university agricultural sciences; allocation uncertainty before 2010,NIH/BEA BRDPI March 2025; 2022 dollars
USDA R&D outlays,2023,all,3059.0,2.9459620627105467,Agency outlays or university expenditures; see dataset-specific methods,NIH/BEA BRDPI March 2025; 2022 dollars
NIFA R&D outlays,2023,all,911.0,0.8773362010883649,Agency outlays or university expenditures; see dataset-specific methods,NIH/BEA BRDPI March 2025; 2022 dollars
USDA plant outlays,2023,all,111.0,0.10689826379891164,Agency outlays or university expenditures; see dataset-specific methods,NIH/BEA BRDPI March 2025; 2022 dollars
Non-USDA university agricultural sciences,2023,all,508.82,0.4900177890645245,Agency outlays or university expenditures; see dataset-specific methods,NIH/BEA BRDPI March 2025; 2022 dollars
Identified federal spending including facilities,2023,all,3678.82,3.542878115573983,USDA R&D + plant outlays + identified non-USDA university agricultural sciences; allocation uncertainty before 2010,NIH/BEA BRDPI March 2025; 2022 dollars
USDA R&D outlays,2024,all,3372.0,3.1360612612612613,Agency outlays or university expenditures; see dataset-specific methods,NIH/BEA BRDPI March 2025; 2022 dollars
NIFA R&D outlays,2024,all,1000.0,0.93003003003003,Agency outlays or university expenditures; see dataset-specific methods,NIH/BEA BRDPI March 2025; 2022 dollars
USDA plant outlays,2024,all,111.0,0.10323333333333333,Agency outlays or university expenditures; see dataset-specific methods,NIH/BEA BRDPI March 2025; 2022 dollars
Non-USDA university agricultural sciences,2024,all,593.4,0.5518798198198198,Agency outlays or university expenditures; see dataset-specific methods,NIH/BEA BRDPI March 2025; 2022 dollars
Identified federal spending including facilities,2024,all,4076.4,3.7911744144144146,USDA R&D + plant outlays + identified non-USDA university agricultural sciences; allocation uncertainty before 2010,NIH/BEA BRDPI March 2025; 2022 dollars
Gateway NIFA recipient expenditure,2004,Other USDA Funding,0.0,0.0,All project activities; annual records; coverage incomplete,NIH/BEA BRDPI March 2025; 2022 dollars
Gateway state appropriations,2004,Other USDA Funding,0.0,0.0,All project activities; excludes cumulative rows; formula reports end after 2021,NIH/BEA BRDPI March 2025; 2022 dollars
Gateway annual award field,2004,Other USDA Funding,0.0,0.0,"Award commitments, not spending; annual field is incomplete; latest award snapshot not added",NIH/BEA BRDPI March 2025; 2022 dollars
Gateway NIFA recipient expenditure,2004,State Funding,0.0,0.0,All project activities; annual records; coverage incomplete,NIH/BEA BRDPI March 2025; 2022 dollars
Gateway state appropriations,2004,State Funding,20.346467,0.033738894323933614,All project activities; excludes cumulative rows; formula reports end after 2021,NIH/BEA BRDPI March 2025; 2022 dollars
Gateway annual award field,2004,State Funding,0.0,0.0,"Award commitments, not spending; annual field is incomplete; latest award snapshot not added",NIH/BEA BRDPI March 2025; 2022 dollars
Gateway NIFA recipient expenditure,2004,Other USDA Funding,0.0,0.0,All project activities; annual records; coverage incomplete,NIH/BEA BRDPI March 2025; 2022 dollars
Gateway state appropriations,2004,Other USDA Funding,0.0,0.0,All project activities; excludes cumulative rows; formula reports end after 2021,NIH/BEA BRDPI March 2025; 2022 dollars
Gateway annual award field,2004,Other USDA Funding,0.0,0.0,"Award commitments, not spending; annual field is incomplete; latest award snapshot not added",NIH/BEA BRDPI March 2025; 2022 dollars
Gateway NIFA recipient expenditure,2004,NIFA Formula,215.020573,0.3565511589760843,All project activities; annual records; coverage incomplete,NIH/BEA BRDPI March 2025; 2022 dollars
Gateway state appropriations,2004,NIFA Formula,882.469793,1.4633280112016778,All project activities; excludes cumulative rows; formula reports end after 2021,NIH/BEA BRDPI March 2025; 2022 dollars
Gateway annual award field,2004,NIFA Formula,0.0,0.0,"Award commitments, not spending; annual field is incomplete; latest award snapshot not added",NIH/BEA BRDPI March 2025; 2022 dollars
Gateway NIFA recipient expenditure,2004,NIFA Non Formula,296.504874,0.4916699597240764,All project activities; annual records; coverage incomplete,NIH/BEA BRDPI March 2025; 2022 dollars
Gateway state appropriations,2004,NIFA Non Formula,90.270256,0.14968783660467608,All project activities; excludes cumulative rows; formula reports end after 2021,NIH/BEA BRDPI March 2025; 2022 dollars
Gateway annual award field,2004,NIFA Non Formula,159.98519841000004,0.2652904655411941,"Award commitments, not spending; annual field is incomplete; latest award snapshot not added",NIH/BEA BRDPI March 2025; 2022 dollars
Gateway NIFA recipient expenditure,2004,State Funding,0.0,0.0,All project activities; annual records; coverage incomplete,NIH/BEA BRDPI March 2025; 2022 dollars
Gateway state appropriations,2004,State Funding,8.303874,0.01376964007388899,All project activities; excludes cumulative rows; formula reports end after 2021,NIH/BEA BRDPI March 2025; 2022 dollars
Gateway annual award field,2004,State Funding,0.0,0.0,"Award commitments, not spending; annual field is incomplete; latest award snapshot not added",NIH/BEA BRDPI March 2025; 2022 dollars
Gateway NIFA recipient expenditure,2004,State Funding,0.0,0.0,All project activities; annual records; coverage incomplete,NIH/BEA BRDPI March 2025; 2022 dollars
Gateway state appropriations,2004,State Funding,241.083109,0.3997685464427985,All project activities; excludes cumulative rows; formula reports end after 2021,NIH/BEA BRDPI March 2025; 2022 dollars
Gateway annual award field,2004,State Funding,0.0,0.0,"Award commitments, not spending; annual field is incomplete; latest award snapshot not added",NIH/BEA BRDPI March 2025; 2022 dollars
Gateway NIFA recipient expenditure,2005,Other USDA Funding,0.0,0.0,All project activities; annual records; coverage incomplete,NIH/BEA BRDPI March 2025; 2022 dollars
Gateway state appropriations,2005,Other USDA Funding,0.0,0.0,All project activities; excludes cumulative rows; formula reports end after 2021,NIH/BEA BRDPI March 2025; 2022 dollars
Gateway annual award field,2005,Other USDA Funding,0.0,0.0,"Award commitments, not spending; annual field is incomplete; latest award snapshot not added",NIH/BEA BRDPI March 2025; 2022 dollars
Gateway NIFA recipient expenditure,2005,State Funding,0.0,0.0,All project activities; annual records; coverage incomplete,NIH/BEA BRDPI March 2025; 2022 dollars
Gateway state appropriations,2005,State Funding,13.828575,0.02207203063477066,All project activities; excludes cumulative rows; formula reports end after 2021,NIH/BEA BRDPI March 2025; 2022 dollars
Gateway annual award field,2005,State Funding,0.0,0.0,"Award commitments, not spending; annual field is incomplete; latest award snapshot not added",NIH/BEA BRDPI March 2025; 2022 dollars
Gateway NIFA recipient expenditure,2005,Other USDA Funding,0.0,0.0,All project activities; annual records; coverage incomplete,NIH/BEA BRDPI March 2025; 2022 dollars
Gateway state appropriations,2005,Other USDA Funding,0.0,0.0,All project activities; excludes cumulative rows; formula reports end after 2021,NIH/BEA BRDPI March 2025; 2022 dollars
Gateway annual award field,2005,Other USDA Funding,0.0,0.0,"Award commitments, not spending; annual field is incomplete; latest award snapshot not added",NIH/BEA BRDPI March 2025; 2022 dollars
Gateway NIFA recipient expenditure,2005,Other USDA Funding,0.0,0.0,All project activities; annual records; coverage incomplete,NIH/BEA BRDPI March 2025; 2022 dollars
Gateway state appropriations,2005,Other USDA Funding,0.0,0.0,All project activities; excludes cumulative rows; formula reports end after 2021,NIH/BEA BRDPI March 2025; 2022 dollars
Gateway annual award field,2005,Other USDA Funding,0.0,0.0,"Award commitments, not spending; annual field is incomplete; latest award snapshot not added",NIH/BEA BRDPI March 2025; 2022 dollars
Gateway NIFA recipient expenditure,2005,NIFA Formula,221.545777,0.3536130929577392,All project activities; annual records; coverage incomplete,NIH/BEA BRDPI March 2025; 2022 dollars
Gateway state appropriations,2005,NIFA Formula,911.695993,1.4551739341973886,All project activities; excludes cumulative rows; formula reports end after 2021,NIH/BEA BRDPI March 2025; 2022 dollars
Gateway annual award field,2005,NIFA Formula,0.0,0.0,"Award commitments, not spending; annual field is incomplete; latest award snapshot not added",NIH/BEA BRDPI March 2025; 2022 dollars
Gateway NIFA recipient expenditure,2005,NIFA Non Formula,298.839598,0.47698311372925617,All project activities; annual records; coverage incomplete,NIH/BEA BRDPI March 2025; 2022 dollars
Gateway state appropriations,2005,NIFA Non Formula,85.661993,0.13672660659044836,All project activities; excludes cumulative rows; formula reports end after 2021,NIH/BEA BRDPI March 2025; 2022 dollars
Gateway annual award field,2005,NIFA Non Formula,220.59615254,0.3520973807334032,"Award commitments, not spending; annual field is incomplete; latest award snapshot not added",NIH/BEA BRDPI March 2025; 2022 dollars
Gateway NIFA recipient expenditure,2005,State Funding,0.0,0.0,All project activities; annual records; coverage incomplete,NIH/BEA BRDPI March 2025; 2022 dollars
Gateway state appropriations,2005,State Funding,7.77327,0.012407052322624977,All project activities; excludes cumulative rows; formula reports end after 2021,NIH/BEA BRDPI March 2025; 2022 dollars
Gateway annual award field,2005,State Funding,0.0,0.0,"Award commitments, not spending; annual field is incomplete; latest award snapshot not added",NIH/BEA BRDPI March 2025; 2022 dollars
Gateway NIFA recipient expenditure,2005,State Funding,0.0,0.0,All project activities; annual records; coverage incomplete,NIH/BEA BRDPI March 2025; 2022 dollars
Gateway state appropriations,2005,State Funding,238.482964,0.380646833623776,All project activities; excludes cumulative rows; formula reports end after 2021,NIH/BEA BRDPI March 2025; 2022 dollars
Gateway annual award field,2005,State Funding,0.0,0.0,"Award commitments, not spending; annual field is incomplete; latest award snapshot not added",NIH/BEA BRDPI March 2025; 2022 dollars
Gateway NIFA recipient expenditure,2006,Other USDA Funding,0.0,0.0,All project activities; annual records; coverage incomplete,NIH/BEA BRDPI March 2025; 2022 dollars
Gateway state appropriations,2006,Other USDA Funding,0.0,0.0,All project activities; excludes cumulative rows; formula reports end after 2021,NIH/BEA BRDPI March 2025; 2022 dollars
Gateway annual award field,2006,Other USDA Funding,0.0,0.0,"Award commitments, not spending; annual field is incomplete; latest award snapshot not added",NIH/BEA BRDPI March 2025; 2022 dollars
Gateway NIFA recipient expenditure,2006,State Funding,0.0,0.0,All project activities; annual records; coverage incomplete,NIH/BEA BRDPI March 2025; 2022 dollars
Gateway state appropriations,2006,State Funding,14.176757,0.02162650837977178,All project activities; excludes cumulative rows; formula reports end after 2021,NIH/BEA BRDPI March 2025; 2022 dollars
Gateway annual award field,2006,State Funding,0.0,0.0,"Award commitments, not spending; annual field is incomplete; latest award snapshot not added",NIH/BEA BRDPI March 2025; 2022 dollars
Gateway NIFA recipient expenditure,2006,Other USDA Funding,0.0,0.0,All project activities; annual records; coverage incomplete,NIH/BEA BRDPI March 2025; 2022 dollars
Gateway state appropriations,2006,Other USDA Funding,0.0,0.0,All project activities; excludes cumulative rows; formula reports end after 2021,NIH/BEA BRDPI March 2025; 2022 dollars
Gateway annual award field,2006,Other USDA Funding,0.0,0.0,"Award commitments, not spending; annual field is incomplete; latest award snapshot not added",NIH/BEA BRDPI March 2025; 2022 dollars
Gateway NIFA recipient expenditure,2006,Other USDA Funding,0.0,0.0,All project activities; annual records; coverage incomplete,NIH/BEA BRDPI March 2025; 2022 dollars
Gateway state appropriations,2006,Other USDA Funding,0.0,0.0,All project activities; excludes cumulative rows; formula reports end after 2021,NIH/BEA BRDPI March 2025; 2022 dollars
Gateway annual award field,2006,Other USDA Funding,0.0,0.0,"Award commitments, not spending; annual field is incomplete; latest award snapshot not added",NIH/BEA BRDPI March 2025; 2022 dollars
Gateway NIFA recipient expenditure,2006,NIFA Formula,218.741757,0.33368847619850595,All project activities; annual records; coverage incomplete,NIH/BEA BRDPI March 2025; 2022 dollars
Gateway state appropriations,2006,NIFA Formula,941.01561,1.4355103903636814,All project activities; excludes cumulative rows; formula reports end after 2021,NIH/BEA BRDPI March 2025; 2022 dollars
Gateway annual award field,2006,NIFA Formula,0.0,0.0,"Award commitments, not spending; annual field is incomplete; latest award snapshot not added",NIH/BEA BRDPI March 2025; 2022 dollars
Gateway NIFA recipient expenditure,2006,NIFA Non Formula,301.81447,0.46041511218619163,All project activities; annual records; coverage incomplete,NIH/BEA BRDPI March 2025; 2022 dollars
Gateway state appropriations,2006,NIFA Non Formula,92.251167,0.14072828053476727,All project activities; excludes cumulative rows; formula reports end after 2021,NIH/BEA BRDPI March 2025; 2022 dollars
Gateway annual award field,2006,NIFA Non Formula,202.55385991,0.3089939926810295,"Award commitments, not spending; annual field is incomplete; latest award snapshot not added",NIH/BEA BRDPI March 2025; 2022 dollars
Gateway NIFA recipient expenditure,2006,State Funding,0.0,0.0,All project activities; annual records; coverage incomplete,NIH/BEA BRDPI March 2025; 2022 dollars
Gateway state appropriations,2006,State Funding,11.271401,0.017194415350299648,All project activities; excludes cumulative rows; formula reports end after 2021,NIH/BEA BRDPI March 2025; 2022 dollars
Gateway annual award field,2006,State Funding,0.0,0.0,"Award commitments, not spending; annual field is incomplete; latest award snapshot not added",NIH/BEA BRDPI March 2025; 2022 dollars
Gateway NIFA recipient expenditure,2006,State Funding,0.0,0.0,All project activities; annual records; coverage incomplete,NIH/BEA BRDPI March 2025; 2022 dollars
Gateway state appropriations,2006,State Funding,269.265963,0.4107626733819884,All project activities; excludes cumulative rows; formula reports end after 2021,NIH/BEA BRDPI March 2025; 2022 dollars
Gateway annual award field,2006,State Funding,0.0,0.0,"Award commitments, not spending; annual field is incomplete; latest award snapshot not added",NIH/BEA BRDPI March 2025; 2022 dollars
Gateway NIFA recipient expenditure,2007,State Funding,0.0,0.0,All project activities; annual records; coverage incomplete,NIH/BEA BRDPI March 2025; 2022 dollars
Gateway state appropriations,2007,State Funding,13.600377,0.019987520200411262,All project activities; excludes cumulative rows; formula reports end after 2021,NIH/BEA BRDPI March 2025; 2022 dollars
Gateway annual award field,2007,State Funding,0.0,0.0,"Award commitments, not spending; annual field is incomplete; latest award snapshot not added",NIH/BEA BRDPI March 2025; 2022 dollars
Gateway NIFA recipient expenditure,2007,NIFA Formula,258.127472,0.3793518415615312,All project activities; annual records; coverage incomplete,NIH/BEA BRDPI March 2025; 2022 dollars
Gateway state appropriations,2007,NIFA Formula,965.293529,1.418624197712591,All project activities; excludes cumulative rows; formula reports end after 2021,NIH/BEA BRDPI March 2025; 2022 dollars
Gateway annual award field,2007,NIFA Formula,0.0,0.0,"Award commitments, not spending; annual field is incomplete; latest award snapshot not added",NIH/BEA BRDPI March 2025; 2022 dollars
Gateway NIFA recipient expenditure,2007,NIFA Non Formula,284.498396,0.4181073390123378,All project activities; annual records; coverage incomplete,NIH/BEA BRDPI March 2025; 2022 dollars
Gateway state appropriations,2007,NIFA Non Formula,86.879811,0.12768116482141728,All project activities; excludes cumulative rows; formula reports end after 2021,NIH/BEA BRDPI March 2025; 2022 dollars
Gateway annual award field,2007,NIFA Non Formula,147.37300624000002,0.21658377111291363,"Award commitments, not spending; annual field is incomplete; latest award snapshot not added",NIH/BEA BRDPI March 2025; 2022 dollars
Gateway NIFA recipient expenditure,2007,State Funding,0.0,0.0,All project activities; annual records; coverage incomplete,NIH/BEA BRDPI March 2025; 2022 dollars
Gateway state appropriations,2007,State Funding,9.773382,0.014363254059158495,All project activities; excludes cumulative rows; formula reports end after 2021,NIH/BEA BRDPI March 2025; 2022 dollars
Gateway annual award field,2007,State Funding,0.0,0.0,"Award commitments, not spending; annual field is incomplete; latest award snapshot not added",NIH/BEA BRDPI March 2025; 2022 dollars
Gateway NIFA recipient expenditure,2007,State Funding,0.0,0.0,All project activities; annual records; coverage incomplete,NIH/BEA BRDPI March 2025; 2022 dollars
Gateway state appropriations,2007,State Funding,287.917033,0.4231314700416008,All project activities; excludes cumulative rows; formula reports end after 2021,NIH/BEA BRDPI March 2025; 2022 dollars
Gateway annual award field,2007,State Funding,0.0,0.0,"Award commitments, not spending; annual field is incomplete; latest award snapshot not added",NIH/BEA BRDPI March 2025; 2022 dollars
Gateway NIFA recipient expenditure,2008,State Funding,0.0,0.0,All project activities; annual records; coverage incomplete,NIH/BEA BRDPI March 2025; 2022 dollars
Gateway state appropriations,2008,State Funding,11.601478,0.0162885277065357,All project activities; excludes cumulative rows; formula reports end after 2021,NIH/BEA BRDPI March 2025; 2022 dollars
Gateway annual award field,2008,State Funding,0.0,0.0,"Award commitments, not spending; annual field is incomplete; latest award snapshot not added",NIH/BEA BRDPI March 2025; 2022 dollars
Gateway NIFA recipient expenditure,2008,NIFA Formula,300.524492,0.4219377491759728,All project activities; annual records; coverage incomplete,NIH/BEA BRDPI March 2025; 2022 dollars
Gateway state appropriations,2008,NIFA Formula,1059.835201,1.4880134268970158,All project activities; excludes cumulative rows; formula reports end after 2021,NIH/BEA BRDPI March 2025; 2022 dollars
Gateway annual award field,2008,NIFA Formula,0.0,0.0,"Award commitments, not spending; annual field is incomplete; latest award snapshot not added",NIH/BEA BRDPI March 2025; 2022 dollars
Gateway NIFA recipient expenditure,2008,NIFA Non Formula,257.056798,0.36090890974204765,All project activities; annual records; coverage incomplete,NIH/BEA BRDPI March 2025; 2022 dollars
Gateway state appropriations,2008,NIFA Non Formula,82.223703,0.11544245176773707,All project activities; excludes cumulative rows; formula reports end after 2021,NIH/BEA BRDPI March 2025; 2022 dollars
Gateway annual award field,2008,NIFA Non Formula,209.99923976999997,0.29483988465478955,"Award commitments, not spending; annual field is incomplete; latest award snapshot not added",NIH/BEA BRDPI March 2025; 2022 dollars
Gateway NIFA recipient expenditure,2008,State Funding,0.0,0.0,All project activities; annual records; coverage incomplete,NIH/BEA BRDPI March 2025; 2022 dollars
Gateway state appropriations,2008,State Funding,8.676496,0.01218183971832263,All project activities; excludes cumulative rows; formula reports end after 2021,NIH/BEA BRDPI March 2025; 2022 dollars
Gateway annual award field,2008,State Funding,0.0,0.0,"Award commitments, not spending; annual field is incomplete; latest award snapshot not added",NIH/BEA BRDPI March 2025; 2022 dollars
Gateway NIFA recipient expenditure,2008,State Funding,0.0,0.0,All project activities; annual records; coverage incomplete,NIH/BEA BRDPI March 2025; 2022 dollars
Gateway state appropriations,2008,State Funding,294.151001,0.41298933891817147,All project activities; excludes cumulative rows; formula reports end after 2021,NIH/BEA BRDPI March 2025; 2022 dollars
Gateway annual award field,2008,State Funding,0.0,0.0,"Award commitments, not spending; annual field is incomplete; latest award snapshot not added",NIH/BEA BRDPI March 2025; 2022 dollars
Gateway NIFA recipient expenditure,2009,State Funding,0.0,0.0,All project activities; annual records; coverage incomplete,NIH/BEA BRDPI March 2025; 2022 dollars
Gateway state appropriations,2009,State Funding,21.676268,0.029566792334728035,All project activities; excludes cumulative rows; formula reports end after 2021,NIH/BEA BRDPI March 2025; 2022 dollars
Gateway annual award field,2009,State Funding,0.0,0.0,"Award commitments, not spending; annual field is incomplete; latest award snapshot not added",NIH/BEA BRDPI March 2025; 2022 dollars
Gateway NIFA recipient expenditure,2009,NIFA Formula,251.691064,0.34331082369874477,All project activities; annual records; coverage incomplete,NIH/BEA BRDPI March 2025; 2022 dollars
Gateway state appropriations,2009,NIFA Formula,1023.862549,1.3965656526108787,All project activities; excludes cumulative rows; formula reports end after 2021,NIH/BEA BRDPI March 2025; 2022 dollars
Gateway annual award field,2009,NIFA Formula,0.0,0.0,"Award commitments, not spending; annual field is incomplete; latest award snapshot not added",NIH/BEA BRDPI March 2025; 2022 dollars
Gateway NIFA recipient expenditure,2009,NIFA Non Formula,307.092832,0.41887976247698744,All project activities; annual records; coverage incomplete,NIH/BEA BRDPI March 2025; 2022 dollars
Gateway state appropriations,2009,NIFA Non Formula,83.024391,0.11324665885355648,All project activities; excludes cumulative rows; formula reports end after 2021,NIH/BEA BRDPI March 2025; 2022 dollars
Gateway annual award field,2009,NIFA Non Formula,200.53799753,0.2735371849153975,"Award commitments, not spending; annual field is incomplete; latest award snapshot not added",NIH/BEA BRDPI March 2025; 2022 dollars
Gateway NIFA recipient expenditure,2009,State Funding,0.0,0.0,All project activities; annual records; coverage incomplete,NIH/BEA BRDPI March 2025; 2022 dollars
Gateway state appropriations,2009,State Funding,6.966811,0.00950284680334728,All project activities; excludes cumulative rows; formula reports end after 2021,NIH/BEA BRDPI March 2025; 2022 dollars
Gateway annual award field,2009,State Funding,0.0,0.0,"Award commitments, not spending; annual field is incomplete; latest award snapshot not added",NIH/BEA BRDPI March 2025; 2022 dollars
Gateway NIFA recipient expenditure,2009,State Funding,0.0,0.0,All project activities; annual records; coverage incomplete,NIH/BEA BRDPI March 2025; 2022 dollars
Gateway state appropriations,2009,State Funding,277.798755,0.3789221511715482,All project activities; excludes cumulative rows; formula reports end after 2021,NIH/BEA BRDPI March 2025; 2022 dollars
Gateway annual award field,2009,State Funding,0.0,0.0,"Award commitments, not spending; annual field is incomplete; latest award snapshot not added",NIH/BEA BRDPI March 2025; 2022 dollars
Gateway NIFA recipient expenditure,2010,State Funding,0.0,0.0,All project activities; annual records; coverage incomplete,NIH/BEA BRDPI March 2025; 2022 dollars
Gateway state appropriations,2010,State Funding,11.215539,0.014846986229108784,All project activities; excludes cumulative rows; formula reports end after 2021,NIH/BEA BRDPI March 2025; 2022 dollars
Gateway annual award field,2010,State Funding,0.0,0.0,"Award commitments, not spending; annual field is incomplete; latest award snapshot not added",NIH/BEA BRDPI March 2025; 2022 dollars
Gateway NIFA recipient expenditure,2010,NIFA Formula,253.577827,0.3356830648510366,All project activities; annual records; coverage incomplete,NIH/BEA BRDPI March 2025; 2022 dollars
Gateway state appropriations,2010,NIFA Formula,967.588161,1.2808807585454158,All project activities; excludes cumulative rows; formula reports end after 2021,NIH/BEA BRDPI March 2025; 2022 dollars
Gateway annual award field,2010,NIFA Formula,0.0,0.0,"Award commitments, not spending; annual field is incomplete; latest award snapshot not added",NIH/BEA BRDPI March 2025; 2022 dollars
Gateway NIFA recipient expenditure,2010,State Funding,0.0,0.0,All project activities; annual records; coverage incomplete,NIH/BEA BRDPI March 2025; 2022 dollars
Gateway state appropriations,2010,State Funding,3.881061,0.005137698618080786,All project activities; excludes cumulative rows; formula reports end after 2021,NIH/BEA BRDPI March 2025; 2022 dollars
Gateway annual award field,2010,State Funding,0.0,0.0,"Award commitments, not spending; annual field is incomplete; latest award snapshot not added",NIH/BEA BRDPI March 2025; 2022 dollars
Gateway NIFA recipient expenditure,2010,State Funding,0.0,0.0,All project activities; annual records; coverage incomplete,NIH/BEA BRDPI March 2025; 2022 dollars
Gateway state appropriations,2010,State Funding,207.342294,0.2744770611318658,All project activities; excludes cumulative rows; formula reports end after 2021,NIH/BEA BRDPI March 2025; 2022 dollars
Gateway annual award field,2010,State Funding,0.0,0.0,"Award commitments, not spending; annual field is incomplete; latest award snapshot not added",NIH/BEA BRDPI March 2025; 2022 dollars
Gateway NIFA recipient expenditure,2011,State Funding,0.0,0.0,All project activities; annual records; coverage incomplete,NIH/BEA BRDPI March 2025; 2022 dollars
Gateway state appropriations,2011,State Funding,5.586359,0.007189259847496364,All project activities; excludes cumulative rows; formula reports end after 2021,NIH/BEA BRDPI March 2025; 2022 dollars
Gateway annual award field,2011,State Funding,0.0,0.0,"Award commitments, not spending; annual field is incomplete; latest award snapshot not added",NIH/BEA BRDPI March 2025; 2022 dollars
Gateway NIFA recipient expenditure,2011,NIFA Formula,272.72032,0.3509722962975275,All project activities; annual records; coverage incomplete,NIH/BEA BRDPI March 2025; 2022 dollars
Gateway state appropriations,2011,NIFA Formula,949.066579,1.2213834178944525,All project activities; excludes cumulative rows; formula reports end after 2021,NIH/BEA BRDPI March 2025; 2022 dollars
Gateway annual award field,2011,NIFA Formula,0.0,0.0,"Award commitments, not spending; annual field is incomplete; latest award snapshot not added",NIH/BEA BRDPI March 2025; 2022 dollars
Gateway NIFA recipient expenditure,2011,State Funding,0.0,0.0,All project activities; annual records; coverage incomplete,NIH/BEA BRDPI March 2025; 2022 dollars
Gateway state appropriations,2011,State Funding,2.333067,0.003002496779139829,All project activities; excludes cumulative rows; formula reports end after 2021,NIH/BEA BRDPI March 2025; 2022 dollars
Gateway annual award field,2011,State Funding,0.0,0.0,"Award commitments, not spending; annual field is incomplete; latest award snapshot not added",NIH/BEA BRDPI March 2025; 2022 dollars
Gateway NIFA recipient expenditure,2011,State Funding,0.0,0.0,All project activities; annual records; coverage incomplete,NIH/BEA BRDPI March 2025; 2022 dollars
Gateway state appropriations,2011,State Funding,172.640029,0.2221758445098691,All project activities; excludes cumulative rows; formula reports end after 2021,NIH/BEA BRDPI March 2025; 2022 dollars
Gateway annual award field,2011,State Funding,0.0,0.0,"Award commitments, not spending; annual field is incomplete; latest award snapshot not added",NIH/BEA BRDPI March 2025; 2022 dollars
Gateway NIFA recipient expenditure,2012,State Funding,0.0,0.0,All project activities; annual records; coverage incomplete,NIH/BEA BRDPI March 2025; 2022 dollars
Gateway state appropriations,2012,State Funding,3.263025,0.00414616592929431,All project activities; excludes cumulative rows; formula reports end after 2021,NIH/BEA BRDPI March 2025; 2022 dollars
Gateway annual award field,2012,State Funding,0.0,0.0,"Award commitments, not spending; annual field is incomplete; latest award snapshot not added",NIH/BEA BRDPI March 2025; 2022 dollars
Gateway NIFA recipient expenditure,2012,NIFA Formula,283.625824,0.360389432547046,All project activities; annual records; coverage incomplete,NIH/BEA BRDPI March 2025; 2022 dollars
Gateway state appropriations,2012,NIFA Formula,923.90911,1.1739660203788294,All project activities; excludes cumulative rows; formula reports end after 2021,NIH/BEA BRDPI March 2025; 2022 dollars
Gateway annual award field,2012,NIFA Formula,0.0,0.0,"Award commitments, not spending; annual field is incomplete; latest award snapshot not added",NIH/BEA BRDPI March 2025; 2022 dollars
Gateway NIFA recipient expenditure,2012,State Funding,0.0,0.0,All project activities; annual records; coverage incomplete,NIH/BEA BRDPI March 2025; 2022 dollars
Gateway state appropriations,2012,State Funding,2.175082,0.0027637700850656455,All project activities; excludes cumulative rows; formula reports end after 2021,NIH/BEA BRDPI March 2025; 2022 dollars
Gateway annual award field,2012,State Funding,0.0,0.0,"Award commitments, not spending; annual field is incomplete; latest award snapshot not added",NIH/BEA BRDPI March 2025; 2022 dollars
Gateway NIFA recipient expenditure,2012,State Funding,0.0,0.0,All project activities; annual records; coverage incomplete,NIH/BEA BRDPI March 2025; 2022 dollars
Gateway state appropriations,2012,State Funding,175.604095,0.2231315162260667,All project activities; excludes cumulative rows; formula reports end after 2021,NIH/BEA BRDPI March 2025; 2022 dollars
Gateway annual award field,2012,State Funding,0.0,0.0,"Award commitments, not spending; annual field is incomplete; latest award snapshot not added",NIH/BEA BRDPI March 2025; 2022 dollars
Gateway NIFA recipient expenditure,2013,State Funding,0.0,0.0,All project activities; annual records; coverage incomplete,NIH/BEA BRDPI March 2025; 2022 dollars
Gateway state appropriations,2013,State Funding,3.073901,0.0038340198940797422,All project activities; excludes cumulative rows; formula reports end after 2021,NIH/BEA BRDPI March 2025; 2022 dollars
Gateway annual award field,2013,State Funding,0.0,0.0,"Award commitments, not spending; annual field is incomplete; latest award snapshot not added",NIH/BEA BRDPI March 2025; 2022 dollars
Gateway NIFA recipient expenditure,2013,NIFA Formula,276.43309,0.34478988309706,All project activities; annual records; coverage incomplete,NIH/BEA BRDPI March 2025; 2022 dollars
Gateway state appropriations,2013,NIFA Formula,908.438685,1.1330787786729763,All project activities; excludes cumulative rows; formula reports end after 2021,NIH/BEA BRDPI March 2025; 2022 dollars
Gateway annual award field,2013,NIFA Formula,0.0,0.0,"Award commitments, not spending; annual field is incomplete; latest award snapshot not added",NIH/BEA BRDPI March 2025; 2022 dollars
Gateway NIFA recipient expenditure,2013,State Funding,0.0,0.0,All project activities; annual records; coverage incomplete,NIH/BEA BRDPI March 2025; 2022 dollars
Gateway state appropriations,2013,State Funding,0.57276,0.0007143929601288765,All project activities; excludes cumulative rows; formula reports end after 2021,NIH/BEA BRDPI March 2025; 2022 dollars
Gateway annual award field,2013,State Funding,0.0,0.0,"Award commitments, not spending; annual field is incomplete; latest award snapshot not added",NIH/BEA BRDPI March 2025; 2022 dollars
Gateway NIFA recipient expenditure,2013,State Funding,0.0,0.0,All project activities; annual records; coverage incomplete,NIH/BEA BRDPI March 2025; 2022 dollars
Gateway state appropriations,2013,State Funding,148.715157,0.18548966622190902,All project activities; excludes cumulative rows; formula reports end after 2021,NIH/BEA BRDPI March 2025; 2022 dollars
Gateway annual award field,2013,State Funding,0.0,0.0,"Award commitments, not spending; annual field is incomplete; latest award snapshot not added",NIH/BEA BRDPI March 2025; 2022 dollars
Gateway NIFA recipient expenditure,2014,NIFA Formula,282.09011708999975,0.34444727005955944,All project activities; annual records; coverage incomplete,NIH/BEA BRDPI March 2025; 2022 dollars
Gateway state appropriations,2014,NIFA Formula,902.2860913399985,1.1017400544933535,All project activities; excludes cumulative rows; formula reports end after 2021,NIH/BEA BRDPI March 2025; 2022 dollars
Gateway annual award field,2014,NIFA Formula,0.0,0.0,"Award commitments, not spending; annual field is incomplete; latest award snapshot not added",NIH/BEA BRDPI March 2025; 2022 dollars
Gateway NIFA recipient expenditure,2014,NIFA Non Formula,39.15853979000002,0.047814692231422026,All project activities; annual records; coverage incomplete,NIH/BEA BRDPI March 2025; 2022 dollars
Gateway state appropriations,2014,NIFA Non Formula,12.89352911,0.015743695487056116,All project activities; excludes cumulative rows; formula reports end after 2021,NIH/BEA BRDPI March 2025; 2022 dollars
Gateway annual award field,2014,NIFA Non Formula,369.97629274,0.4517610376984282,"Award commitments, not spending; annual field is incomplete; latest award snapshot not added",NIH/BEA BRDPI March 2025; 2022 dollars
Gateway NIFA recipient expenditure,2014,State Funding,0.0,0.0,All project activities; annual records; coverage incomplete,NIH/BEA BRDPI March 2025; 2022 dollars
Gateway state appropriations,2014,State Funding,119.01538372999997,0.14532421214817054,All project activities; excludes cumulative rows; formula reports end after 2021,NIH/BEA BRDPI March 2025; 2022 dollars
Gateway annual award field,2014,State Funding,0.0,0.0,"Award commitments, not spending; annual field is incomplete; latest award snapshot not added",NIH/BEA BRDPI March 2025; 2022 dollars
Gateway NIFA recipient expenditure,2015,NIFA Formula,296.4003736899993,0.35471834507036565,All project activities; annual records; coverage incomplete,NIH/BEA BRDPI March 2025; 2022 dollars
Gateway state appropriations,2015,NIFA Formula,921.3237601199996,1.102597933312928,All project activities; excludes cumulative rows; formula reports end after 2021,NIH/BEA BRDPI March 2025; 2022 dollars
Gateway annual award field,2015,NIFA Formula,0.0,0.0,"Award commitments, not spending; annual field is incomplete; latest award snapshot not added",NIH/BEA BRDPI March 2025; 2022 dollars
Gateway NIFA recipient expenditure,2015,NIFA Non Formula,439.39008828000004,0.5258418638770505,All project activities; annual records; coverage incomplete,NIH/BEA BRDPI March 2025; 2022 dollars
Gateway state appropriations,2015,NIFA Non Formula,71.70636904000004,0.08581488693896314,All project activities; excludes cumulative rows; formula reports end after 2021,NIH/BEA BRDPI March 2025; 2022 dollars
Gateway annual award field,2015,NIFA Non Formula,626.5073427799999,0.7497751944057421,"Award commitments, not spending; annual field is incomplete; latest award snapshot not added",NIH/BEA BRDPI March 2025; 2022 dollars
Gateway NIFA recipient expenditure,2015,State Funding,0.0,0.0,All project activities; annual records; coverage incomplete,NIH/BEA BRDPI March 2025; 2022 dollars
Gateway state appropriations,2015,State Funding,129.91149015000002,0.15547210085446644,All project activities; excludes cumulative rows; formula reports end after 2021,NIH/BEA BRDPI March 2025; 2022 dollars
Gateway annual award field,2015,State Funding,0.0,0.0,"Award commitments, not spending; annual field is incomplete; latest award snapshot not added",NIH/BEA BRDPI March 2025; 2022 dollars
Gateway NIFA recipient expenditure,2016,NIFA Formula,302.70163467000015,0.3545415553380361,All project activities; annual records; coverage incomplete,NIH/BEA BRDPI March 2025; 2022 dollars
Gateway state appropriations,2016,NIFA Formula,910.6746474699981,1.0666344972762374,All project activities; excludes cumulative rows; formula reports end after 2021,NIH/BEA BRDPI March 2025; 2022 dollars
Gateway annual award field,2016,NIFA Formula,0.0,0.0,"Award commitments, not spending; annual field is incomplete; latest award snapshot not added",NIH/BEA BRDPI March 2025; 2022 dollars
Gateway NIFA recipient expenditure,2016,NIFA Non Formula,512.3347689100005,0.6000759329269227,All project activities; annual records; coverage incomplete,NIH/BEA BRDPI March 2025; 2022 dollars
Gateway state appropriations,2016,NIFA Non Formula,49.06842425999999,0.0574717591931497,All project activities; excludes cumulative rows; formula reports end after 2021,NIH/BEA BRDPI March 2025; 2022 dollars
Gateway annual award field,2016,NIFA Non Formula,604.6116346800001,0.7081559026551378,"Award commitments, not spending; annual field is incomplete; latest award snapshot not added",NIH/BEA BRDPI March 2025; 2022 dollars
Gateway NIFA recipient expenditure,2016,State Funding,0.0,0.0,All project activities; annual records; coverage incomplete,NIH/BEA BRDPI March 2025; 2022 dollars
Gateway state appropriations,2016,State Funding,119.09034956,0.13948546331698206,All project activities; excludes cumulative rows; formula reports end after 2021,NIH/BEA BRDPI March 2025; 2022 dollars
Gateway annual award field,2016,State Funding,0.0,0.0,"Award commitments, not spending; annual field is incomplete; latest award snapshot not added",NIH/BEA BRDPI March 2025; 2022 dollars
Gateway NIFA recipient expenditure,2017,NIFA Formula,312.8229424300005,0.357122068946014,All project activities; annual records; coverage incomplete,NIH/BEA BRDPI March 2025; 2022 dollars
Gateway state appropriations,2017,NIFA Formula,978.6871998199967,1.1172799377683345,All project activities; excludes cumulative rows; formula reports end after 2021,NIH/BEA BRDPI March 2025; 2022 dollars
Gateway annual award field,2017,NIFA Formula,0.0,0.0,"Award commitments, not spending; annual field is incomplete; latest award snapshot not added",NIH/BEA BRDPI March 2025; 2022 dollars
Gateway NIFA recipient expenditure,2017,NIFA Non Formula,537.6706230700013,0.613810623449454,All project activities; annual records; coverage incomplete,NIH/BEA BRDPI March 2025; 2022 dollars
Gateway state appropriations,2017,NIFA Non Formula,114.33513471,0.13052623168773242,All project activities; excludes cumulative rows; formula reports end after 2021,NIH/BEA BRDPI March 2025; 2022 dollars
Gateway annual award field,2017,NIFA Non Formula,669.35093038,0.764138292579785,"Award commitments, not spending; annual field is incomplete; latest award snapshot not added",NIH/BEA BRDPI March 2025; 2022 dollars
Gateway NIFA recipient expenditure,2017,State Funding,0.0,0.0,All project activities; annual records; coverage incomplete,NIH/BEA BRDPI March 2025; 2022 dollars
Gateway state appropriations,2017,State Funding,122.25448233999994,0.1395670449617177,All project activities; excludes cumulative rows; formula reports end after 2021,NIH/BEA BRDPI March 2025; 2022 dollars
Gateway annual award field,2017,State Funding,0.0,0.0,"Award commitments, not spending; annual field is incomplete; latest award snapshot not added",NIH/BEA BRDPI March 2025; 2022 dollars
Gateway NIFA recipient expenditure,2018,NIFA Formula,287.44904968000037,0.3201689289188855,All project activities; annual records; coverage incomplete,NIH/BEA BRDPI March 2025; 2022 dollars
Gateway state appropriations,2018,NIFA Formula,898.7771173600011,1.0010835218356136,All project activities; excludes cumulative rows; formula reports end after 2021,NIH/BEA BRDPI March 2025; 2022 dollars
Gateway annual award field,2018,NIFA Formula,0.0,0.0,"Award commitments, not spending; annual field is incomplete; latest award snapshot not added",NIH/BEA BRDPI March 2025; 2022 dollars
Gateway NIFA recipient expenditure,2018,NIFA Non Formula,532.9099180800008,0.5935702270432521,All project activities; annual records; coverage incomplete,NIH/BEA BRDPI March 2025; 2022 dollars
Gateway state appropriations,2018,NIFA Non Formula,121.46454819000006,0.13529066921216695,All project activities; excludes cumulative rows; formula reports end after 2021,NIH/BEA BRDPI March 2025; 2022 dollars
Gateway annual award field,2018,NIFA Non Formula,764.20370862,0.8511918308204066,"Award commitments, not spending; annual field is incomplete; latest award snapshot not added",NIH/BEA BRDPI March 2025; 2022 dollars
Gateway NIFA recipient expenditure,2018,State Funding,0.0,0.0,All project activities; annual records; coverage incomplete,NIH/BEA BRDPI March 2025; 2022 dollars
Gateway state appropriations,2018,State Funding,124.27928838999998,0.1384258069209962,All project activities; excludes cumulative rows; formula reports end after 2021,NIH/BEA BRDPI March 2025; 2022 dollars
Gateway annual award field,2018,State Funding,0.0,0.0,"Award commitments, not spending; annual field is incomplete; latest award snapshot not added",NIH/BEA BRDPI March 2025; 2022 dollars
Gateway NIFA recipient expenditure,2019,NIFA Formula,287.30584749999946,0.31337856646190365,All project activities; annual records; coverage incomplete,NIH/BEA BRDPI March 2025; 2022 dollars
Gateway state appropriations,2019,NIFA Formula,874.3471076499984,0.9536932351697741,All project activities; excludes cumulative rows; formula reports end after 2021,NIH/BEA BRDPI March 2025; 2022 dollars
Gateway annual award field,2019,NIFA Formula,0.0,0.0,"Award commitments, not spending; annual field is incomplete; latest award snapshot not added",NIH/BEA BRDPI March 2025; 2022 dollars
Gateway NIFA recipient expenditure,2019,NIFA Non Formula,586.1429405500002,0.6393348275005931,All project activities; annual records; coverage incomplete,NIH/BEA BRDPI March 2025; 2022 dollars
Gateway state appropriations,2019,NIFA Non Formula,61.98038619000002,0.06760504438733156,All project activities; excludes cumulative rows; formula reports end after 2021,NIH/BEA BRDPI March 2025; 2022 dollars
Gateway annual award field,2019,NIFA Non Formula,797.9877021,0.8704042897641583,"Award commitments, not spending; annual field is incomplete; latest award snapshot not added",NIH/BEA BRDPI March 2025; 2022 dollars
Gateway NIFA recipient expenditure,2019,State Funding,0.0,0.0,All project activities; annual records; coverage incomplete,NIH/BEA BRDPI March 2025; 2022 dollars
Gateway state appropriations,2019,State Funding,119.78926598999998,0.13066002234246182,All project activities; excludes cumulative rows; formula reports end after 2021,NIH/BEA BRDPI March 2025; 2022 dollars
Gateway annual award field,2019,State Funding,0.0,0.0,"Award commitments, not spending; annual field is incomplete; latest award snapshot not added",NIH/BEA BRDPI March 2025; 2022 dollars
Gateway NIFA recipient expenditure,2020,NIFA Formula,277.51978956999994,0.2975004459322568,All project activities; annual records; coverage incomplete,NIH/BEA BRDPI March 2025; 2022 dollars
Gateway state appropriations,2020,NIFA Formula,841.3091857800007,0.9018811174664806,All project activities; excludes cumulative rows; formula reports end after 2021,NIH/BEA BRDPI March 2025; 2022 dollars
Gateway annual award field,2020,NIFA Formula,0.0,0.0,"Award commitments, not spending; annual field is incomplete; latest award snapshot not added",NIH/BEA BRDPI March 2025; 2022 dollars
Gateway NIFA recipient expenditure,2020,NIFA Non Formula,565.26426026,0.6059617217117411,All project activities; annual records; coverage incomplete,NIH/BEA BRDPI March 2025; 2022 dollars
Gateway state appropriations,2020,NIFA Non Formula,67.96040041000002,0.07285336104872621,All project activities; excludes cumulative rows; formula reports end after 2021,NIH/BEA BRDPI March 2025; 2022 dollars
Gateway annual award field,2020,NIFA Non Formula,921.0364513200003,0.9873485253506544,"Award commitments, not spending; annual field is incomplete; latest award snapshot not added",NIH/BEA BRDPI March 2025; 2022 dollars
Gateway NIFA recipient expenditure,2020,State Funding,0.0,0.0,All project activities; annual records; coverage incomplete,NIH/BEA BRDPI March 2025; 2022 dollars
Gateway state appropriations,2020,State Funding,109.16385596000002,0.11702335130083767,All project activities; excludes cumulative rows; formula reports end after 2021,NIH/BEA BRDPI March 2025; 2022 dollars
Gateway annual award field,2020,State Funding,0.0,0.0,"Award commitments, not spending; annual field is incomplete; latest award snapshot not added",NIH/BEA BRDPI March 2025; 2022 dollars
Gateway NIFA recipient expenditure,2021,NIFA Formula,295.84019940000013,0.309410850748624,All project activities; annual records; coverage incomplete,NIH/BEA BRDPI March 2025; 2022 dollars
Gateway state appropriations,2021,NIFA Formula,833.6614380799997,0.8719027884506418,All project activities; excludes cumulative rows; formula reports end after 2021,NIH/BEA BRDPI March 2025; 2022 dollars
Gateway annual award field,2021,NIFA Formula,0.0,0.0,"Award commitments, not spending; annual field is incomplete; latest award snapshot not added",NIH/BEA BRDPI March 2025; 2022 dollars
Gateway NIFA recipient expenditure,2021,NIFA Non Formula,666.2183557499997,0.6967788307844033,All project activities; annual records; coverage incomplete,NIH/BEA BRDPI March 2025; 2022 dollars
Gateway state appropriations,2021,NIFA Non Formula,66.97641238,0.0700487248744954,All project activities; excludes cumulative rows; formula reports end after 2021,NIH/BEA BRDPI March 2025; 2022 dollars
Gateway annual award field,2021,NIFA Non Formula,1055.2547755800003,1.1036609579460552,"Award commitments, not spending; annual field is incomplete; latest award snapshot not added",NIH/BEA BRDPI March 2025; 2022 dollars
Gateway NIFA recipient expenditure,2021,State Funding,0.0,0.0,All project activities; annual records; coverage incomplete,NIH/BEA BRDPI March 2025; 2022 dollars
Gateway state appropriations,2021,State Funding,78.78784996,0.08240197151779816,All project activities; excludes cumulative rows; formula reports end after 2021,NIH/BEA BRDPI March 2025; 2022 dollars
Gateway annual award field,2021,State Funding,0.0,0.0,"Award commitments, not spending; annual field is incomplete; latest award snapshot not added",NIH/BEA BRDPI March 2025; 2022 dollars
Gateway NIFA recipient expenditure,2022,NIFA Formula,0.0,0.0,All project activities; annual records; coverage incomplete,NIH/BEA BRDPI March 2025; 2022 dollars
Gateway state appropriations,2022,NIFA Formula,0.0,0.0,All project activities; excludes cumulative rows; formula reports end after 2021,NIH/BEA BRDPI March 2025; 2022 dollars
Gateway annual award field,2022,NIFA Formula,0.0,0.0,"Award commitments, not spending; annual field is incomplete; latest award snapshot not added",NIH/BEA BRDPI March 2025; 2022 dollars
Gateway NIFA recipient expenditure,2022,NIFA Non Formula,834.50369018,0.83450369018,All project activities; annual records; coverage incomplete,NIH/BEA BRDPI March 2025; 2022 dollars
Gateway state appropriations,2022,NIFA Non Formula,72.18635926,0.07218635926,All project activities; excludes cumulative rows; formula reports end after 2021,NIH/BEA BRDPI March 2025; 2022 dollars
Gateway annual award field,2022,NIFA Non Formula,1080.1062790600004,1.0801062790600005,"Award commitments, not spending; annual field is incomplete; latest award snapshot not added",NIH/BEA BRDPI March 2025; 2022 dollars
Gateway NIFA recipient expenditure,2022,State Funding,0.0,0.0,All project activities; annual records; coverage incomplete,NIH/BEA BRDPI March 2025; 2022 dollars
Gateway state appropriations,2022,State Funding,0.0,0.0,All project activities; excludes cumulative rows; formula reports end after 2021,NIH/BEA BRDPI March 2025; 2022 dollars
Gateway annual award field,2022,State Funding,0.0,0.0,"Award commitments, not spending; annual field is incomplete; latest award snapshot not added",NIH/BEA BRDPI March 2025; 2022 dollars
Gateway NIFA recipient expenditure,2023,NIFA Non Formula,924.5530675900005,0.8903884478858456,All project activities; annual records; coverage incomplete,NIH/BEA BRDPI March 2025; 2022 dollars
Gateway state appropriations,2023,NIFA Non Formula,110.44805464000001,0.10636671424309305,All project activities; excludes cumulative rows; formula reports end after 2021,NIH/BEA BRDPI March 2025; 2022 dollars
Gateway annual award field,2023,NIFA Non Formula,1713.7529979700005,1.6504254059745296,"Award commitments, not spending; annual field is incomplete; latest award snapshot not added",NIH/BEA BRDPI March 2025; 2022 dollars
Gateway NIFA recipient expenditure,2024,NIFA Non Formula,1043.3977091600013,0.9703912027833407,All project activities; annual records; coverage incomplete,NIH/BEA BRDPI March 2025; 2022 dollars
Gateway state appropriations,2024,NIFA Non Formula,71.83152485999999,0.06680547522264864,All project activities; excludes cumulative rows; formula reports end after 2021,NIH/BEA BRDPI March 2025; 2022 dollars
Gateway annual award field,2024,NIFA Non Formula,1188.8368070199995,1.1056539313336151,"Award commitments, not spending; annual field is incomplete; latest award snapshot not added",NIH/BEA BRDPI March 2025; 2022 dollars
Gateway NIFA recipient expenditure,2025,NIFA Non Formula,1076.4871917100015,0.9757224036073971,All project activities; annual records; coverage incomplete,NIH/BEA BRDPI March 2025; 2022 dollars
Gateway state appropriations,2025,NIFA Non Formula,98.23259713000002,0.08903751621236332,All project activities; excludes cumulative rows; formula reports end after 2021,NIH/BEA BRDPI March 2025; 2022 dollars
Gateway annual award field,2025,NIFA Non Formula,563.5060491,0.5107589583130677,"Award commitments, not spending; annual field is incomplete; latest award snapshot not added",NIH/BEA BRDPI March 2025; 2022 dollars
Gateway NIFA recipient expenditure,2026,NIFA Non Formula,50.424098519999994,0.04449523215398613,All project activities; annual records; coverage incomplete,NIH/BEA BRDPI March 2025; 2022 dollars
Gateway state appropriations,2026,NIFA Non Formula,0.68251258,0.0006022627391756103,All project activities; excludes cumulative rows; formula reports end after 2021,NIH/BEA BRDPI March 2025; 2022 dollars
Gateway annual award field,2026,NIFA Non Formula,4.45154589,0.003928133048151771,"Award commitments, not spending; annual field is incomplete; latest award snapshot not added",NIH/BEA BRDPI March 2025; 2022 dollars
HERD university agricultural sciences: Federal government,2010,all,957.71,1.2678041761060055,University expenditures; federal includes USDA; state/local is research only,NIH/BEA BRDPI March 2025; 2022 dollars
HERD university agricultural sciences: State and local government,2010,all,874.191,1.1572427984612097,University expenditures; federal includes USDA; state/local is research only,NIH/BEA BRDPI March 2025; 2022 dollars
HERD university agricultural sciences: Federal government,2011,all,1042.74,1.341934668605859,University expenditures; federal includes USDA; state/local is research only,NIH/BEA BRDPI March 2025; 2022 dollars
HERD university agricultural sciences: State and local government,2011,all,814.195,1.0478129711198838,University expenditures; federal includes USDA; state/local is research only,NIH/BEA BRDPI March 2025; 2022 dollars
HERD university agricultural sciences: Federal government,2012,all,1137.731,1.445659015454048,University expenditures; federal includes USDA; state/local is research only,NIH/BEA BRDPI March 2025; 2022 dollars
HERD university agricultural sciences: State and local government,2012,all,807.291,1.0257851040754924,University expenditures; federal includes USDA; state/local is research only,NIH/BEA BRDPI March 2025; 2022 dollars
HERD university agricultural sciences: Federal government,2013,all,1111.007,1.385738493354813,University expenditures; federal includes USDA; state/local is research only,NIH/BEA BRDPI March 2025; 2022 dollars
HERD university agricultural sciences: State and local government,2013,all,817.595,1.0197711296818366,University expenditures; federal includes USDA; state/local is research only,NIH/BEA BRDPI March 2025; 2022 dollars
HERD university agricultural sciences: Federal government,2014,all,1084.89,1.324709290314102,University expenditures; federal includes USDA; state/local is research only,NIH/BEA BRDPI March 2025; 2022 dollars
HERD university agricultural sciences: State and local government,2014,all,860.132,1.0502676320147193,University expenditures; federal includes USDA; state/local is research only,NIH/BEA BRDPI March 2025; 2022 dollars
HERD university agricultural sciences: Federal government,2015,all,1096.949,1.3127781489019128,University expenditures; federal includes USDA; state/local is research only,NIH/BEA BRDPI March 2025; 2022 dollars
HERD university agricultural sciences: State and local government,2015,all,883.644,1.0575045281123205,University expenditures; federal includes USDA; state/local is research only,NIH/BEA BRDPI March 2025; 2022 dollars
HERD university agricultural sciences: Federal government,2016,all,977.26,1.1446230898203593,University expenditures; federal includes USDA; state/local is research only,NIH/BEA BRDPI March 2025; 2022 dollars
HERD university agricultural sciences: State and local government,2016,all,881.621,1.032605195209581,University expenditures; federal includes USDA; state/local is research only,NIH/BEA BRDPI March 2025; 2022 dollars
HERD university agricultural sciences: Federal government,2017,all,978.304,1.1168424726915278,University expenditures; federal includes USDA; state/local is research only,NIH/BEA BRDPI March 2025; 2022 dollars
HERD university agricultural sciences: State and local government,2017,all,889.044,1.0149422871536524,University expenditures; federal includes USDA; state/local is research only,NIH/BEA BRDPI March 2025; 2022 dollars
HERD university agricultural sciences: Federal government,2018,all,950.63,1.0588387376371156,University expenditures; federal includes USDA; state/local is research only,NIH/BEA BRDPI March 2025; 2022 dollars
HERD university agricultural sciences: State and local government,2018,all,870.742,0.9698572105736378,University expenditures; federal includes USDA; state/local is research only,NIH/BEA BRDPI March 2025; 2022 dollars
HERD university agricultural sciences: Federal government,2019,all,989.766,1.079586276825546,University expenditures; federal includes USDA; state/local is research only,NIH/BEA BRDPI March 2025; 2022 dollars
HERD university agricultural sciences: State and local government,2019,all,900.792,0.9825379751115286,University expenditures; federal includes USDA; state/local is research only,NIH/BEA BRDPI March 2025; 2022 dollars
HERD university agricultural sciences: Federal government,2020,all,1074.03,1.1513571858774663,University expenditures; federal includes USDA; state/local is research only,NIH/BEA BRDPI March 2025; 2022 dollars
HERD university agricultural sciences: State and local government,2020,all,950.696,1.0191434794046383,University expenditures; federal includes USDA; state/local is research only,NIH/BEA BRDPI March 2025; 2022 dollars
HERD university agricultural sciences: Federal government,2021,all,1100.603,1.1510893761467889,University expenditures; federal includes USDA; state/local is research only,NIH/BEA BRDPI March 2025; 2022 dollars
HERD university agricultural sciences: State and local government,2021,all,921.721,0.9640017798165137,University expenditures; federal includes USDA; state/local is research only,NIH/BEA BRDPI March 2025; 2022 dollars
HERD university agricultural sciences: Federal government,2022,all,1267.388,1.267388,University expenditures; federal includes USDA; state/local is research only,NIH/BEA BRDPI March 2025; 2022 dollars
HERD university agricultural sciences: State and local government,2022,all,990.214,0.990214,University expenditures; federal includes USDA; state/local is research only,NIH/BEA BRDPI March 2025; 2022 dollars
HERD university agricultural sciences: Federal government,2023,all,1458.757,1.4048521676081887,University expenditures; federal includes USDA; state/local is research only,NIH/BEA BRDPI March 2025; 2022 dollars
HERD university agricultural sciences: State and local government,2023,all,1055.262,1.0162673482249287,University expenditures; federal includes USDA; state/local is research only,NIH/BEA BRDPI March 2025; 2022 dollars
HERD university agricultural sciences: Federal government,2024,all,1707.617,1.58813508978979,University expenditures; federal includes USDA; state/local is research only,NIH/BEA BRDPI March 2025; 2022 dollars
HERD university agricultural sciences: State and local government,2024,all,1144.347,1.0642770747747747,University expenditures; federal includes USDA; state/local is research only,NIH/BEA BRDPI March 2025; 2022 dollars
HERD USDA-funded university R&D: all fields,2010,all,956.678,1.2664380277837144,All research fields; USDA funding already overlaps USDA agency outlays; do not add to federal spending,NIH/BEA BRDPI March 2025; 2022 dollars
HERD USDA-funded university R&D: all fields,2011,all,1006.434,1.295211343444837,All research fields; USDA funding already overlaps USDA agency outlays; do not add to federal spending,NIH/BEA BRDPI March 2025; 2022 dollars
HERD USDA-funded university R&D: all fields,2012,all,1093.853,1.38990539154814,All research fields; USDA funding already overlaps USDA agency outlays; do not add to federal spending,NIH/BEA BRDPI March 2025; 2022 dollars
HERD USDA-funded university R&D: all fields,2013,all,1091.796,1.361776968183649,All research fields; USDA funding already overlaps USDA agency outlays; do not add to federal spending,NIH/BEA BRDPI March 2025; 2022 dollars
HERD USDA-funded university R&D: all fields,2014,all,1061.621,1.2962965844394796,All research fields; USDA funding already overlaps USDA agency outlays; do not add to federal spending,NIH/BEA BRDPI March 2025; 2022 dollars
HERD USDA-funded university R&D: all fields,2015,all,1119.14,1.3393353178334517,All research fields; USDA funding already overlaps USDA agency outlays; do not add to federal spending,NIH/BEA BRDPI March 2025; 2022 dollars
HERD USDA-funded university R&D: all fields,2016,all,1208.929,1.4159671401197607,All research fields; USDA funding already overlaps USDA agency outlays; do not add to federal spending,NIH/BEA BRDPI March 2025; 2022 dollars
HERD USDA-funded university R&D: all fields,2017,all,1223.126,1.3963339271364503,All research fields; USDA funding already overlaps USDA agency outlays; do not add to federal spending,NIH/BEA BRDPI March 2025; 2022 dollars
HERD USDA-funded university R&D: all fields,2018,all,1185.831,1.3208123024635856,All research fields; USDA funding already overlaps USDA agency outlays; do not add to federal spending,NIH/BEA BRDPI March 2025; 2022 dollars
HERD USDA-funded university R&D: all fields,2019,all,1223.979,1.3350538728574786,All research fields; USDA funding already overlaps USDA agency outlays; do not add to federal spending,NIH/BEA BRDPI March 2025; 2022 dollars
HERD USDA-funded university R&D: all fields,2020,all,1249.947,1.339939722741433,All research fields; USDA funding already overlaps USDA agency outlays; do not add to federal spending,NIH/BEA BRDPI March 2025; 2022 dollars
HERD USDA-funded university R&D: all fields,2021,all,1304.405,1.3642400917431192,All research fields; USDA funding already overlaps USDA agency outlays; do not add to federal spending,NIH/BEA BRDPI March 2025; 2022 dollars
HERD USDA-funded university R&D: all fields,2022,all,1512.854,1.5128540000000001,All research fields; USDA funding already overlaps USDA agency outlays; do not add to federal spending,NIH/BEA BRDPI March 2025; 2022 dollars
HERD USDA-funded university R&D: all fields,2023,all,1701.069,1.6382101144337913,All research fields; USDA funding already overlaps USDA agency outlays; do not add to federal spending,NIH/BEA BRDPI March 2025; 2022 dollars
HERD USDA-funded university R&D: all fields,2024,all,1976.398,1.838109491291291,All research fields; USDA funding already overlaps USDA agency outlays; do not add to federal spending,NIH/BEA BRDPI March 2025; 2022 dollars
USDA research + agricultural facilities budget authority,2000,all,1764.0,3.352628413623811,Function 350 R&D+plant plus Forest Service R&D only; excludes forestry facilities,NIH/BEA BRDPI March 2025; 2022 dollars
USDA research + agricultural facilities budget authority,2001,all,2166.0,3.9842221342308455,Function 350 R&D+plant plus Forest Service R&D only; excludes forestry facilities,NIH/BEA BRDPI March 2025; 2022 dollars
USDA research + agricultural facilities budget authority,2002,all,2150.0,3.827852831273354,Function 350 R&D+plant plus Forest Service R&D only; excludes forestry facilities,NIH/BEA BRDPI March 2025; 2022 dollars
USDA research + agricultural facilities budget authority,2003,all,2328.0,4.0039703813402445,Function 350 R&D+plant plus Forest Service R&D only; excludes forestry facilities,NIH/BEA BRDPI March 2025; 2022 dollars
USDA research + agricultural facilities budget authority,2004,all,2204.0,3.654714260217741,Function 350 R&D+plant plus Forest Service R&D only; excludes forestry facilities,NIH/BEA BRDPI March 2025; 2022 dollars
USDA research + agricultural facilities budget authority,2005,all,2392.0,3.817913073355094,Function 350 R&D+plant plus Forest Service R&D only; excludes forestry facilities,NIH/BEA BRDPI March 2025; 2022 dollars
USDA research + agricultural facilities budget authority,2006,all,2418.0,3.6886360725720393,Function 350 R&D+plant plus Forest Service R&D only; excludes forestry facilities,NIH/BEA BRDPI March 2025; 2022 dollars
USDA research + agricultural facilities budget authority,2007,all,2254.0,3.3125457133818412,Function 350 R&D+plant plus Forest Service R&D only; excludes forestry facilities,NIH/BEA BRDPI March 2025; 2022 dollars
USDA research + agricultural facilities budget authority,2008,all,2312.0,3.2460584812995847,Function 350 R&D+plant plus Forest Service R&D only; excludes forestry facilities,NIH/BEA BRDPI March 2025; 2022 dollars
USDA research + agricultural facilities budget authority,2009,all,2576.0,3.5137071129707116,Function 350 R&D+plant plus Forest Service R&D only; excludes forestry facilities,NIH/BEA BRDPI March 2025; 2022 dollars
USDA research + agricultural facilities budget authority,2010,all,2547.0,3.371685830305621,Function 350 R&D+plant plus Forest Service R&D only; excludes forestry facilities,NIH/BEA BRDPI March 2025; 2022 dollars
USDA research + agricultural facilities budget authority,2011,all,2102.0,2.7051294410970286,Function 350 R&D+plant plus Forest Service R&D only; excludes forestry facilities,NIH/BEA BRDPI March 2025; 2022 dollars
USDA research + agricultural facilities budget authority,2012,all,2327.0,2.956804841356674,Function 350 R&D+plant plus Forest Service R&D only; excludes forestry facilities,NIH/BEA BRDPI March 2025; 2022 dollars
USDA research + agricultural facilities budget authority,2013,all,2103.0,2.6230330245670563,Function 350 R&D+plant plus Forest Service R&D only; excludes forestry facilities,NIH/BEA BRDPI March 2025; 2022 dollars
USDA research + agricultural facilities budget authority,2014,all,2368.0,2.891455907477987,Function 350 R&D+plant plus Forest Service R&D only; excludes forestry facilities,NIH/BEA BRDPI March 2025; 2022 dollars
USDA research + agricultural facilities budget authority,2015,all,2441.0,2.921276614928834,Function 350 R&D+plant plus Forest Service R&D only; excludes forestry facilities,NIH/BEA BRDPI March 2025; 2022 dollars
USDA research + agricultural facilities budget authority,2016,all,2644.0,3.096804790419162,Function 350 R&D+plant plus Forest Service R&D only; excludes forestry facilities,NIH/BEA BRDPI March 2025; 2022 dollars
USDA research + agricultural facilities budget authority,2017,all,2575.0,2.939647969527554,Function 350 R&D+plant plus Forest Service R&D only; excludes forestry facilities,NIH/BEA BRDPI March 2025; 2022 dollars
USDA research + agricultural facilities budget authority,2018,all,2609.0,2.9059784211472754,Function 350 R&D+plant plus Forest Service R&D only; excludes forestry facilities,NIH/BEA BRDPI March 2025; 2022 dollars
USDA research + agricultural facilities budget authority,2019,all,3017.0,3.2907897393754406,Function 350 R&D+plant plus Forest Service R&D only; excludes forestry facilities,NIH/BEA BRDPI March 2025; 2022 dollars
USDA research + agricultural facilities budget authority,2020,all,2983.0,3.1977677397023196,Function 350 R&D+plant plus Forest Service R&D only; excludes forestry facilities,NIH/BEA BRDPI March 2025; 2022 dollars
USDA research + agricultural facilities budget authority,2021,all,3058.0,3.1982752293577983,Function 350 R&D+plant plus Forest Service R&D only; excludes forestry facilities,NIH/BEA BRDPI March 2025; 2022 dollars
USDA research + agricultural facilities budget authority,2022,all,3744.0,3.744,Function 350 R&D+plant plus Forest Service R&D only; excludes forestry facilities,NIH/BEA BRDPI March 2025; 2022 dollars
USDA research + agricultural facilities budget authority,2023,all,3355.0,3.2310240995076445,Function 350 R&D+plant plus Forest Service R&D only; excludes forestry facilities,NIH/BEA BRDPI March 2025; 2022 dollars
USDA research + agricultural facilities budget authority,2024,all,3213.0,2.988186486486487,Function 350 R&D+plant plus Forest Service R&D only; excludes forestry facilities,NIH/BEA BRDPI March 2025; 2022 dollars
Budget authority: ARS research,2000,all,773.0001790442365,1.469151,Published actual R&D budget authority; agriculture facilities exclude forestry capital,NIH/BEA BRDPI March 2025; 2022 dollars
Budget authority: ARS research,2001,all,934.9998465181358,1.719874,Published actual R&D budget authority; agriculture facilities exclude forestry capital,NIH/BEA BRDPI March 2025; 2022 dollars
Budget authority: ARS research,2002,all,965.000122215047,1.718083,Published actual R&D budget authority; agriculture facilities exclude forestry capital,NIH/BEA BRDPI March 2025; 2022 dollars
Budget authority: ARS research,2003,all,967.9999098051879,1.664881,Published actual R&D budget authority; agriculture facilities exclude forestry capital,NIH/BEA BRDPI March 2025; 2022 dollars
Budget authority: ARS research,2004,all,1005.0000570444515,1.66651,Published actual R&D budget authority; agriculture facilities exclude forestry capital,NIH/BEA BRDPI March 2025; 2022 dollars
Budget authority: ARS research,2005,all,1036.0001655365409,1.6535780000000002,Published actual R&D budget authority; agriculture facilities exclude forestry capital,NIH/BEA BRDPI March 2025; 2022 dollars
Budget authority: ARS research,2006,all,1074.000120385319,1.638377,Published actual R&D budget authority; agriculture facilities exclude forestry capital,NIH/BEA BRDPI March 2025; 2022 dollars
Budget authority: ARS research,2007,all,1060.0002342051448,1.557808,Published actual R&D budget authority; agriculture facilities exclude forestry capital,NIH/BEA BRDPI March 2025; 2022 dollars
Budget authority: ARS research,2008,all,1067.0001159724466,1.4980730000000002,Published actual R&D budget authority; agriculture facilities exclude forestry capital,NIH/BEA BRDPI March 2025; 2022 dollars
Budget authority: ARS research,2009,all,1075.9999938650305,1.4676819999999997,Published actual R&D budget authority; agriculture facilities exclude forestry capital,NIH/BEA BRDPI March 2025; 2022 dollars
Budget authority: ARS research,2010,all,1102.9998422667097,1.460137,Published actual R&D budget authority; agriculture facilities exclude forestry capital,NIH/BEA BRDPI March 2025; 2022 dollars
Budget authority: ARS research,2011,all,1082.0003196641912,1.39246,Published actual R&D budget authority; agriculture facilities exclude forestry capital,NIH/BEA BRDPI March 2025; 2022 dollars
Budget authority: ARS research,2012,all,1039.9999810569368,1.3214769999999998,Published actual R&D budget authority; agriculture facilities exclude forestry capital,NIH/BEA BRDPI March 2025; 2022 dollars
Budget authority: ARS research,2013,all,983.9999919276719,1.227325,Published actual R&D budget authority; agriculture facilities exclude forestry capital,NIH/BEA BRDPI March 2025; 2022 dollars
Budget authority: ARS research,2014,all,1037.999944677645,1.267454,Published actual R&D budget authority; agriculture facilities exclude forestry capital,NIH/BEA BRDPI March 2025; 2022 dollars
Budget authority: ARS research,2015,all,1047.9998033580885,1.2541980000000001,Published actual R&D budget authority; agriculture facilities exclude forestry capital,NIH/BEA BRDPI March 2025; 2022 dollars
Budget authority: ARS research,2016,all,1060.0000562372188,1.2415330000000002,Published actual R&D budget authority; agriculture facilities exclude forestry capital,NIH/BEA BRDPI March 2025; 2022 dollars
Budget authority: ARS research,2017,all,1085.0001881390592,1.238648,Published actual R&D budget authority; agriculture facilities exclude forestry capital,NIH/BEA BRDPI March 2025; 2022 dollars
Budget authority: ARS research,2018,all,1115.000251695189,1.2419190000000002,Published actual R&D budget authority; agriculture facilities exclude forestry capital,NIH/BEA BRDPI March 2025; 2022 dollars
Budget authority: ARS research,2019,all,1188.0001700570442,1.29581,Published actual R&D budget authority; agriculture facilities exclude forestry capital,NIH/BEA BRDPI March 2025; 2022 dollars
Budget authority: ARS research,2020,all,1283.9995854052308,1.376444,Published actual R&D budget authority; agriculture facilities exclude forestry capital,NIH/BEA BRDPI March 2025; 2022 dollars
Budget authority: ARS research,2021,all,1387.0001403508772,1.450624,Published actual R&D budget authority; agriculture facilities exclude forestry capital,NIH/BEA BRDPI March 2025; 2022 dollars
Budget authority: ARS research,2022,all,1503.0,1.503,Published actual R&D budget authority; agriculture facilities exclude forestry capital,NIH/BEA BRDPI March 2025; 2022 dollars
Budget authority: ARS research,2023,all,1577.0002244107202,1.518726,Published actual R&D budget authority; agriculture facilities exclude forestry capital,NIH/BEA BRDPI March 2025; 2022 dollars
Budget authority: ARS research,2024,all,1634.9998934452694,1.520599,Published actual R&D budget authority; agriculture facilities exclude forestry capital,NIH/BEA BRDPI March 2025; 2022 dollars
Budget authority: NIFA and predecessor research,2000,all,543.9999197610591,1.0339170000000002,Published actual R&D budget authority; agriculture facilities exclude forestry capital,NIH/BEA BRDPI March 2025; 2022 dollars
Budget authority: NIFA and predecessor research,2001,all,609.9999899903132,1.122057,Published actual R&D budget authority; agriculture facilities exclude forestry capital,NIH/BEA BRDPI March 2025; 2022 dollars
Budget authority: NIFA and predecessor research,2002,all,539.000110752341,0.959634,Published actual R&D budget authority; agriculture facilities exclude forestry capital,NIH/BEA BRDPI March 2025; 2022 dollars
Budget authority: NIFA and predecessor research,2003,all,610.9998643848886,1.05087,Published actual R&D budget authority; agriculture facilities exclude forestry capital,NIH/BEA BRDPI March 2025; 2022 dollars
Budget authority: NIFA and predecessor research,2004,all,616.0001279733075,1.021463,Published actual R&D budget authority; agriculture facilities exclude forestry capital,NIH/BEA BRDPI March 2025; 2022 dollars
Budget authority: NIFA and predecessor research,2005,all,654.0000948229468,1.043861,Published actual R&D budget authority; agriculture facilities exclude forestry capital,NIH/BEA BRDPI March 2025; 2022 dollars
Budget authority: NIFA and predecessor research,2006,all,666.9998849424173,1.017502,Published actual R&D budget authority; agriculture facilities exclude forestry capital,NIH/BEA BRDPI March 2025; 2022 dollars
Budget authority: NIFA and predecessor research,2007,all,665.9996669895598,0.978773,Published actual R&D budget authority; agriculture facilities exclude forestry capital,NIH/BEA BRDPI March 2025; 2022 dollars
Budget authority: NIFA and predecessor research,2008,all,673.9999604455925,0.9462989999999999,Published actual R&D budget authority; agriculture facilities exclude forestry capital,NIH/BEA BRDPI March 2025; 2022 dollars
Budget authority: NIFA and predecessor research,2009,all,731.9998159509202,0.99846,Published actual R&D budget authority; agriculture facilities exclude forestry capital,NIH/BEA BRDPI March 2025; 2022 dollars
Budget authority: NIFA and predecessor research,2010,all,811.9998845657087,1.074915,Published actual R&D budget authority; agriculture facilities exclude forestry capital,NIH/BEA BRDPI March 2025; 2022 dollars
Budget authority: NIFA and predecessor research,2011,all,707.9997596060705,0.911147,Published actual R&D budget authority; agriculture facilities exclude forestry capital,NIH/BEA BRDPI March 2025; 2022 dollars
Budget authority: NIFA and predecessor research,2012,all,749.9998122914649,0.952988,Published actual R&D budget authority; agriculture facilities exclude forestry capital,NIH/BEA BRDPI March 2025; 2022 dollars
Budget authority: NIFA and predecessor research,2013,all,652.0003629318694,0.813228,Published actual R&D budget authority; agriculture facilities exclude forestry capital,NIH/BEA BRDPI March 2025; 2022 dollars
Budget authority: NIFA and predecessor research,2014,all,796.9999591002045,0.97318,Published actual R&D budget authority; agriculture facilities exclude forestry capital,NIH/BEA BRDPI March 2025; 2022 dollars
Budget authority: NIFA and predecessor research,2015,all,806.0002027768808,0.964584,Published actual R&D budget authority; agriculture facilities exclude forestry capital,NIH/BEA BRDPI March 2025; 2022 dollars
Budget authority: NIFA and predecessor research,2016,all,835.9997801635992,0.979171,Published actual R&D budget authority; agriculture facilities exclude forestry capital,NIH/BEA BRDPI March 2025; 2022 dollars
Budget authority: NIFA and predecessor research,2017,all,869.0001409966635,0.99206,Published actual R&D budget authority; agriculture facilities exclude forestry capital,NIH/BEA BRDPI March 2025; 2022 dollars
Budget authority: NIFA and predecessor research,2018,all,824.0003220858896,0.917795,Published actual R&D budget authority; agriculture facilities exclude forestry capital,NIH/BEA BRDPI March 2025; 2022 dollars
Budget authority: NIFA and predecessor research,2019,all,882.00034850931,0.962041,Published actual R&D budget authority; agriculture facilities exclude forestry capital,NIH/BEA BRDPI March 2025; 2022 dollars
Budget authority: NIFA and predecessor research,2020,all,913.9995624798192,0.979805,Published actual R&D budget authority; agriculture facilities exclude forestry capital,NIH/BEA BRDPI March 2025; 2022 dollars
Budget authority: NIFA and predecessor research,2021,all,1031.000403508772,1.078294,Published actual R&D budget authority; agriculture facilities exclude forestry capital,NIH/BEA BRDPI March 2025; 2022 dollars
Budget authority: NIFA and predecessor research,2022,all,1353.0,1.353,Published actual R&D budget authority; agriculture facilities exclude forestry capital,NIH/BEA BRDPI March 2025; 2022 dollars
Budget authority: NIFA and predecessor research,2023,all,925.0001401894307,0.890819,Published actual R&D budget authority; agriculture facilities exclude forestry capital,NIH/BEA BRDPI March 2025; 2022 dollars
Budget authority: NIFA and predecessor research,2024,all,895.0001323861802,0.832377,Published actual R&D budget authority; agriculture facilities exclude forestry capital,NIH/BEA BRDPI March 2025; 2022 dollars
"Budget authority: Other USDA research (ERS, NASS and others)",2000,all,109.00023829512432,0.207164,Published actual R&D budget authority; agriculture facilities exclude forestry capital,NIH/BEA BRDPI March 2025; 2022 dollars
"Budget authority: Other USDA research (ERS, NASS and others)",2001,all,111.99998568507158,0.206017,Published actual R&D budget authority; agriculture facilities exclude forestry capital,NIH/BEA BRDPI March 2025; 2022 dollars
"Budget authority: Other USDA research (ERS, NASS and others)",2002,all,101.99974168550212,0.1816,Published actual R&D budget authority; agriculture facilities exclude forestry capital,NIH/BEA BRDPI March 2025; 2022 dollars
"Budget authority: Other USDA research (ERS, NASS and others)",2003,all,128.9997134861694,0.221869,Published actual R&D budget authority; agriculture facilities exclude forestry capital,NIH/BEA BRDPI March 2025; 2022 dollars
"Budget authority: Other USDA research (ERS, NASS and others)",2004,all,128.99986330857817,0.21391,Published actual R&D budget authority; agriculture facilities exclude forestry capital,NIH/BEA BRDPI March 2025; 2022 dollars
"Budget authority: Other USDA research (ERS, NASS and others)",2005,all,129.99982725217953,0.207495,Published actual R&D budget authority; agriculture facilities exclude forestry capital,NIH/BEA BRDPI March 2025; 2022 dollars
"Budget authority: Other USDA research (ERS, NASS and others)",2006,all,128.0001400817996,0.19526300000000002,Published actual R&D budget authority; agriculture facilities exclude forestry capital,NIH/BEA BRDPI March 2025; 2022 dollars
"Budget authority: Other USDA research (ERS, NASS and others)",2007,all,131.0003319341298,0.192522,Published actual R&D budget authority; agriculture facilities exclude forestry capital,NIH/BEA BRDPI March 2025; 2022 dollars
"Budget authority: Other USDA research (ERS, NASS and others)",2008,all,123.00031508987193,0.172693,Published actual R&D budget authority; agriculture facilities exclude forestry capital,NIH/BEA BRDPI March 2025; 2022 dollars
"Budget authority: Other USDA research (ERS, NASS and others)",2009,all,126.99990797546012,0.17323,Published actual R&D budget authority; agriculture facilities exclude forestry capital,NIH/BEA BRDPI March 2025; 2022 dollars
"Budget authority: Other USDA research (ERS, NASS and others)",2010,all,128.0001864707782,0.169445,Published actual R&D budget authority; agriculture facilities exclude forestry capital,NIH/BEA BRDPI March 2025; 2022 dollars
"Budget authority: Other USDA research (ERS, NASS and others)",2011,all,125.99973990958992,0.162153,Published actual R&D budget authority; agriculture facilities exclude forestry capital,NIH/BEA BRDPI March 2025; 2022 dollars
"Budget authority: Other USDA research (ERS, NASS and others)",2012,all,130.00029275643095,0.16518499999999997,Published actual R&D budget authority; agriculture facilities exclude forestry capital,NIH/BEA BRDPI March 2025; 2022 dollars
"Budget authority: Other USDA research (ERS, NASS and others)",2013,all,117.00005037132709,0.145932,Published actual R&D budget authority; agriculture facilities exclude forestry capital,NIH/BEA BRDPI March 2025; 2022 dollars
"Budget authority: Other USDA research (ERS, NASS and others)",2014,all,131.99989355290066,0.161179,Published actual R&D budget authority; agriculture facilities exclude forestry capital,NIH/BEA BRDPI March 2025; 2022 dollars
"Budget authority: Other USDA research (ERS, NASS and others)",2015,all,135.00017081046175,0.161562,Published actual R&D budget authority; agriculture facilities exclude forestry capital,NIH/BEA BRDPI March 2025; 2022 dollars
"Budget authority: Other USDA research (ERS, NASS and others)",2016,all,134.0004243353783,0.15694899999999998,Published actual R&D budget authority; agriculture facilities exclude forestry capital,NIH/BEA BRDPI March 2025; 2022 dollars
"Budget authority: Other USDA research (ERS, NASS and others)",2017,all,135.99993235389087,0.15525899999999998,Published actual R&D budget authority; agriculture facilities exclude forestry capital,NIH/BEA BRDPI March 2025; 2022 dollars
"Budget authority: Other USDA research (ERS, NASS and others)",2018,all,135.00014320309975,0.150367,Published actual R&D budget authority; agriculture facilities exclude forestry capital,NIH/BEA BRDPI March 2025; 2022 dollars
"Budget authority: Other USDA research (ERS, NASS and others)",2019,all,134.99989430631794,0.147251,Published actual R&D budget authority; agriculture facilities exclude forestry capital,NIH/BEA BRDPI March 2025; 2022 dollars
"Budget authority: Other USDA research (ERS, NASS and others)",2020,all,134.0003461414272,0.14364800000000003,Published actual R&D budget authority; agriculture facilities exclude forestry capital,NIH/BEA BRDPI March 2025; 2022 dollars
"Budget authority: Other USDA research (ERS, NASS and others)",2021,all,137.99973684210528,0.14433,Published actual R&D budget authority; agriculture facilities exclude forestry capital,NIH/BEA BRDPI March 2025; 2022 dollars
"Budget authority: Other USDA research (ERS, NASS and others)",2022,all,144.0,0.144,Published actual R&D budget authority; agriculture facilities exclude forestry capital,NIH/BEA BRDPI March 2025; 2022 dollars
"Budget authority: Other USDA research (ERS, NASS and others)",2023,all,151.99978393068562,0.146383,Published actual R&D budget authority; agriculture facilities exclude forestry capital,NIH/BEA BRDPI March 2025; 2022 dollars
"Budget authority: Other USDA research (ERS, NASS and others)",2024,all,148.99948982886664,0.138574,Published actual R&D budget authority; agriculture facilities exclude forestry capital,NIH/BEA BRDPI March 2025; 2022 dollars
Budget authority: Agricultural research facilities,2000,all,135.0001551501453,0.256579,Published actual R&D budget authority; agriculture facilities exclude forestry capital,NIH/BEA BRDPI March 2025; 2022 dollars
Budget authority: Agricultural research facilities,2001,all,169.0000123775697,0.310865,Published actual R&D budget authority; agriculture facilities exclude forestry capital,NIH/BEA BRDPI March 2025; 2022 dollars
Budget authority: Agricultural research facilities,2002,all,302.99989344526966,0.53946,Published actual R&D budget authority; agriculture facilities exclude forestry capital,NIH/BEA BRDPI March 2025; 2022 dollars
Budget authority: Agricultural research facilities,2003,all,334.0001190399311,0.574453,Published actual R&D budget authority; agriculture facilities exclude forestry capital,NIH/BEA BRDPI March 2025; 2022 dollars
Budget authority: Agricultural research facilities,2004,all,159.99999408029277,0.265315,Published actual R&D budget authority; agriculture facilities exclude forestry capital,NIH/BEA BRDPI March 2025; 2022 dollars
Budget authority: Agricultural research facilities,2005,all,273.99987687008934,0.437336,Published actual R&D budget authority; agriculture facilities exclude forestry capital,NIH/BEA BRDPI March 2025; 2022 dollars
Budget authority: Agricultural research facilities,2006,all,248.99990889032392,0.379847,Published actual R&D budget authority; agriculture facilities exclude forestry capital,NIH/BEA BRDPI March 2025; 2022 dollars
Budget authority: Agricultural research facilities,2007,all,93.000287590141,0.136676,Published actual R&D budget authority; agriculture facilities exclude forestry capital,NIH/BEA BRDPI March 2025; 2022 dollars
Budget authority: Agricultural research facilities,2008,all,133.0002828005597,0.186733,Published actual R&D budget authority; agriculture facilities exclude forestry capital,NIH/BEA BRDPI March 2025; 2022 dollars
Budget authority: Agricultural research facilities,2009,all,313.9998128834356,0.42830100000000004,Published actual R&D budget authority; agriculture facilities exclude forestry capital,NIH/BEA BRDPI March 2025; 2022 dollars
Budget authority: Agricultural research facilities,2010,all,162.9997712302228,0.215777,Published actual R&D budget authority; agriculture facilities exclude forestry capital,NIH/BEA BRDPI March 2025; 2022 dollars
Budget authority: Agricultural research facilities,2011,all,-148.00013852114952,-0.190466,Published actual R&D budget authority; agriculture facilities exclude forestry capital,NIH/BEA BRDPI March 2025; 2022 dollars
Budget authority: Agricultural research facilities,2012,all,84.99973738026047,0.108005,Published actual R&D budget authority; agriculture facilities exclude forestry capital,NIH/BEA BRDPI March 2025; 2022 dollars
Budget authority: Agricultural research facilities,2013,all,64.99976073619632,0.081073,Published actual R&D budget authority; agriculture facilities exclude forestry capital,NIH/BEA BRDPI March 2025; 2022 dollars
Budget authority: Agricultural research facilities,2014,all,110.0000477881821,0.134316,Published actual R&D budget authority; agriculture facilities exclude forestry capital,NIH/BEA BRDPI March 2025; 2022 dollars
Budget authority: Agricultural research facilities,2015,all,160.00029528576044,0.191481,Published actual R&D budget authority; agriculture facilities exclude forestry capital,NIH/BEA BRDPI March 2025; 2022 dollars
Budget authority: Agricultural research facilities,2016,all,319.9996625766871,0.374802,Published actual R&D budget authority; agriculture facilities exclude forestry capital,NIH/BEA BRDPI March 2025; 2022 dollars
Budget authority: Agricultural research facilities,2017,all,212.00043558282206,0.242022,Published actual R&D budget authority; agriculture facilities exclude forestry capital,NIH/BEA BRDPI March 2025; 2022 dollars
Budget authority: Agricultural research facilities,2018,all,271.9996966419115,0.30296100000000004,Published actual R&D budget authority; agriculture facilities exclude forestry capital,NIH/BEA BRDPI March 2025; 2022 dollars
Budget authority: Agricultural research facilities,2019,all,514.0000118394145,0.5606450000000001,Published actual R&D budget authority; agriculture facilities exclude forestry capital,NIH/BEA BRDPI March 2025; 2022 dollars
Budget authority: Agricultural research facilities,2020,all,341.99995059735227,0.366623,Published actual R&D budget authority; agriculture facilities exclude forestry capital,NIH/BEA BRDPI March 2025; 2022 dollars
Budget authority: Agricultural research facilities,2021,all,244.00032456140354,0.255193,Published actual R&D budget authority; agriculture facilities exclude forestry capital,NIH/BEA BRDPI March 2025; 2022 dollars
Budget authority: Agricultural research facilities,2022,all,295.0,0.295,Published actual R&D budget authority; agriculture facilities exclude forestry capital,NIH/BEA BRDPI March 2025; 2022 dollars
Budget authority: Agricultural research facilities,2023,all,317.99991685502096,0.306249,Published actual R&D budget authority; agriculture facilities exclude forestry capital,NIH/BEA BRDPI March 2025; 2022 dollars
Budget authority: Agricultural research facilities,2024,all,231.0000678075557,0.214837,Published actual R&D budget authority; agriculture facilities exclude forestry capital,NIH/BEA BRDPI March 2025; 2022 dollars
Budget authority: Forest Service research,2000,all,203.0,0.3858183491868672,Published actual R&D budget authority; agriculture facilities exclude forestry capital,NIH/BEA BRDPI March 2025; 2022 dollars
Budget authority: Forest Service research,2001,all,340.0,0.6254088299346664,Published actual R&D budget authority; agriculture facilities exclude forestry capital,NIH/BEA BRDPI March 2025; 2022 dollars
Budget authority: Forest Service research,2002,all,241.0,0.4290755964357574,Published actual R&D budget authority; agriculture facilities exclude forestry capital,NIH/BEA BRDPI March 2025; 2022 dollars
Budget authority: Forest Service research,2003,all,286.00000000000006,0.4918967049241022,Published actual R&D budget authority; agriculture facilities exclude forestry capital,NIH/BEA BRDPI March 2025; 2022 dollars
Budget authority: Forest Service research,2004,all,294.0,0.4875163305372123,Published actual R&D budget authority; agriculture facilities exclude forestry capital,NIH/BEA BRDPI March 2025; 2022 dollars
Budget authority: Forest Service research,2005,all,298.0,0.47564301666380343,Published actual R&D budget authority; agriculture facilities exclude forestry capital,NIH/BEA BRDPI March 2025; 2022 dollars
Budget authority: Forest Service research,2006,all,300.0,0.4576471554059601,Published actual R&D budget authority; agriculture facilities exclude forestry capital,NIH/BEA BRDPI March 2025; 2022 dollars
Budget authority: Forest Service research,2007,all,304.0,0.4467674786459981,Published actual R&D budget authority; agriculture facilities exclude forestry capital,NIH/BEA BRDPI March 2025; 2022 dollars
Budget authority: Forest Service research,2008,all,315.0,0.44226142803173407,Published actual R&D budget authority; agriculture facilities exclude forestry capital,NIH/BEA BRDPI March 2025; 2022 dollars
Budget authority: Forest Service research,2009,all,327.0,0.4460334728033473,Published actual R&D budget authority; agriculture facilities exclude forestry capital,NIH/BEA BRDPI March 2025; 2022 dollars
Budget authority: Forest Service research,2010,all,341.00000000000006,0.45141141269502033,Published actual R&D budget authority; agriculture facilities exclude forestry capital,NIH/BEA BRDPI March 2025; 2022 dollars
Budget authority: Forest Service research,2011,all,334.0,0.42983503012674007,Published actual R&D budget authority; agriculture facilities exclude forestry capital,NIH/BEA BRDPI March 2025; 2022 dollars
Budget authority: Forest Service research,2012,all,322.0,0.40914961706783365,Published actual R&D budget authority; agriculture facilities exclude forestry capital,NIH/BEA BRDPI March 2025; 2022 dollars
Budget authority: Forest Service research,2013,all,285.0,0.355475231574708,Published actual R&D budget authority; agriculture facilities exclude forestry capital,NIH/BEA BRDPI March 2025; 2022 dollars
Budget authority: Forest Service research,2014,all,291.00000000000006,0.3553267183598371,Published actual R&D budget authority; agriculture facilities exclude forestry capital,NIH/BEA BRDPI March 2025; 2022 dollars
Budget authority: Forest Service research,2015,all,292.0,0.3494521800734205,Published actual R&D budget authority; agriculture facilities exclude forestry capital,NIH/BEA BRDPI March 2025; 2022 dollars
Budget authority: Forest Service research,2016,all,294.0,0.34434970059880243,Published actual R&D budget authority; agriculture facilities exclude forestry capital,NIH/BEA BRDPI March 2025; 2022 dollars
Budget authority: Forest Service research,2017,all,273.0,0.3116597653130184,Published actual R&D budget authority; agriculture facilities exclude forestry capital,NIH/BEA BRDPI March 2025; 2022 dollars
Budget authority: Forest Service research,2018,all,263.0,0.2929368818557813,Published actual R&D budget authority; agriculture facilities exclude forestry capital,NIH/BEA BRDPI March 2025; 2022 dollars
Budget authority: Forest Service research,2019,all,298.0,0.32504320262972525,Published actual R&D budget authority; agriculture facilities exclude forestry capital,NIH/BEA BRDPI March 2025; 2022 dollars
Budget authority: Forest Service research,2020,all,309.0,0.3312471443406023,Published actual R&D budget authority; agriculture facilities exclude forestry capital,NIH/BEA BRDPI March 2025; 2022 dollars
Budget authority: Forest Service research,2021,all,258.0,0.2698348623853211,Published actual R&D budget authority; agriculture facilities exclude forestry capital,NIH/BEA BRDPI March 2025; 2022 dollars
Budget authority: Forest Service research,2022,all,449.0,0.449,Published actual R&D budget authority; agriculture facilities exclude forestry capital,NIH/BEA BRDPI March 2025; 2022 dollars
Budget authority: Forest Service research,2023,all,383.0,0.3688471624773257,Published actual R&D budget authority; agriculture facilities exclude forestry capital,NIH/BEA BRDPI March 2025; 2022 dollars
Budget authority: Forest Service research,2024,all,303.0,0.28179909909909906,Published actual R&D budget authority; agriculture facilities exclude forestry capital,NIH/BEA BRDPI March 2025; 2022 dollars
Fuglie Figure 3 Federal funding total,2021,all,3920,4.099816513761468,Published funding benchmark; exact accounting/activity scope unconfirmed,NIH/BEA BRDPI March 2025; 2022 dollars
Fuglie Figure 3 USDA non-NIFA gross funding,2021,all,1924,2.012256880733945,Published funding benchmark; exact accounting/activity scope unconfirmed,NIH/BEA BRDPI March 2025; 2022 dollars
Fuglie Figure 3 Other federal funding,2021,all,503,0.5260733944954128,Published funding benchmark; exact accounting/activity scope unconfirmed,NIH/BEA BRDPI March 2025; 2022 dollars
Fuglie Figure 3 State funding,2021,all,979,1.0239082568807338,Published funding benchmark; exact accounting/activity scope unconfirmed,NIH/BEA BRDPI March 2025; 2022 dollars
ERS Total public R&D,1970,all,,5.467612,Published ERS public agricultural and food research; all funding sources; net laboratory plus recipient research expenditures,Published ERS constant 2022 dollars; original series preserved
ERS Total public R&D,1971,all,,5.520324,Published ERS public agricultural and food research; all funding sources; net laboratory plus recipient research expenditures,Published ERS constant 2022 dollars; original series preserved
ERS Total public R&D,1972,all,,5.743217,Published ERS public agricultural and food research; all funding sources; net laboratory plus recipient research expenditures,Published ERS constant 2022 dollars; original series preserved
ERS Total public R&D,1973,all,,5.671008,Published ERS public agricultural and food research; all funding sources; net laboratory plus recipient research expenditures,Published ERS constant 2022 dollars; original series preserved
ERS Total public R&D,1974,all,,5.855916,Published ERS public agricultural and food research; all funding sources; net laboratory plus recipient research expenditures,Published ERS constant 2022 dollars; original series preserved
ERS Total public R&D,1975,all,,5.951865,Published ERS public agricultural and food research; all funding sources; net laboratory plus recipient research expenditures,Published ERS constant 2022 dollars; original series preserved
ERS Total public R&D,1976,all,,6.059906,Published ERS public agricultural and food research; all funding sources; net laboratory plus recipient research expenditures,Published ERS constant 2022 dollars; original series preserved
ERS Total public R&D,1977,all,,6.436821,Published ERS public agricultural and food research; all funding sources; net laboratory plus recipient research expenditures,Published ERS constant 2022 dollars; original series preserved
ERS Total public R&D,1978,all,,6.43124,Published ERS public agricultural and food research; all funding sources; net laboratory plus recipient research expenditures,Published ERS constant 2022 dollars; original series preserved
ERS Total public R&D,1979,all,,6.570635,Published ERS public agricultural and food research; all funding sources; net laboratory plus recipient research expenditures,Published ERS constant 2022 dollars; original series preserved
ERS Total public R&D,1980,all,,6.597799,Published ERS public agricultural and food research; all funding sources; net laboratory plus recipient research expenditures,Published ERS constant 2022 dollars; original series preserved
ERS Total public R&D,1981,all,,6.635957,Published ERS public agricultural and food research; all funding sources; net laboratory plus recipient research expenditures,Published ERS constant 2022 dollars; original series preserved
ERS Total public R&D,1982,all,,6.671786,Published ERS public agricultural and food research; all funding sources; net laboratory plus recipient research expenditures,Published ERS constant 2022 dollars; original series preserved
ERS Total public R&D,1983,all,,6.537388,Published ERS public agricultural and food research; all funding sources; net laboratory plus recipient research expenditures,Published ERS constant 2022 dollars; original series preserved
ERS Total public R&D,1984,all,,6.471901,Published ERS public agricultural and food research; all funding sources; net laboratory plus recipient research expenditures,Published ERS constant 2022 dollars; original series preserved
ERS Total public R&D,1985,all,,6.556697,Published ERS public agricultural and food research; all funding sources; net laboratory plus recipient research expenditures,Published ERS constant 2022 dollars; original series preserved
ERS Total public R&D,1986,all,,6.702628,Published ERS public agricultural and food research; all funding sources; net laboratory plus recipient research expenditures,Published ERS constant 2022 dollars; original series preserved
ERS Total public R&D,1987,all,,6.694694,Published ERS public agricultural and food research; all funding sources; net laboratory plus recipient research expenditures,Published ERS constant 2022 dollars; original series preserved
ERS Total public R&D,1988,all,,6.742016,Published ERS public agricultural and food research; all funding sources; net laboratory plus recipient research expenditures,Published ERS constant 2022 dollars; original series preserved
ERS Total public R&D,1989,all,,6.889943,Published ERS public agricultural and food research; all funding sources; net laboratory plus recipient research expenditures,Published ERS constant 2022 dollars; original series preserved
ERS Total public R&D,1990,all,,6.977077,Published ERS public agricultural and food research; all funding sources; net laboratory plus recipient research expenditures,Published ERS constant 2022 dollars; original series preserved
ERS Total public R&D,1991,all,,6.976698,Published ERS public agricultural and food research; all funding sources; net laboratory plus recipient research expenditures,Published ERS constant 2022 dollars; original series preserved
ERS Total public R&D,1992,all,,7.064604,Published ERS public agricultural and food research; all funding sources; net laboratory plus recipient research expenditures,Published ERS constant 2022 dollars; original series preserved
ERS Total public R&D,1993,all,,7.09011,Published ERS public agricultural and food research; all funding sources; net laboratory plus recipient research expenditures,Published ERS constant 2022 dollars; original series preserved
ERS Total public R&D,1994,all,,7.062337,Published ERS public agricultural and food research; all funding sources; net laboratory plus recipient research expenditures,Published ERS constant 2022 dollars; original series preserved
ERS Total public R&D,1995,all,,6.981018,Published ERS public agricultural and food research; all funding sources; net laboratory plus recipient research expenditures,Published ERS constant 2022 dollars; original series preserved
ERS Total public R&D,1996,all,,6.773777,Published ERS public agricultural and food research; all funding sources; net laboratory plus recipient research expenditures,Published ERS constant 2022 dollars; original series preserved
ERS Total public R&D,1997,all,,6.781387,Published ERS public agricultural and food research; all funding sources; net laboratory plus recipient research expenditures,Published ERS constant 2022 dollars; original series preserved
ERS Total public R&D,1998,all,,6.859535,Published ERS public agricultural and food research; all funding sources; net laboratory plus recipient research expenditures,Published ERS constant 2022 dollars; original series preserved
ERS Total public R&D,1999,all,,7.070484,Published ERS public agricultural and food research; all funding sources; net laboratory plus recipient research expenditures,Published ERS constant 2022 dollars; original series preserved
ERS Total public R&D,2000,all,,7.247813,Published ERS public agricultural and food research; all funding sources; net laboratory plus recipient research expenditures,Published ERS constant 2022 dollars; original series preserved
ERS Total public R&D,2001,all,,7.546065,Published ERS public agricultural and food research; all funding sources; net laboratory plus recipient research expenditures,Published ERS constant 2022 dollars; original series preserved
ERS Total public R&D,2002,all,,8.105488,Published ERS public agricultural and food research; all funding sources; net laboratory plus recipient research expenditures,Published ERS constant 2022 dollars; original series preserved
ERS Total public R&D,2003,all,,7.942989,Published ERS public agricultural and food research; all funding sources; net laboratory plus recipient research expenditures,Published ERS constant 2022 dollars; original series preserved
ERS Total public R&D,2004,all,,8.003804,Published ERS public agricultural and food research; all funding sources; net laboratory plus recipient research expenditures,Published ERS constant 2022 dollars; original series preserved
ERS Total public R&D,2005,all,,8.016429,Published ERS public agricultural and food research; all funding sources; net laboratory plus recipient research expenditures,Published ERS constant 2022 dollars; original series preserved
ERS Total public R&D,2006,all,,7.958254,Published ERS public agricultural and food research; all funding sources; net laboratory plus recipient research expenditures,Published ERS constant 2022 dollars; original series preserved
ERS Total public R&D,2007,all,,7.57103,Published ERS public agricultural and food research; all funding sources; net laboratory plus recipient research expenditures,Published ERS constant 2022 dollars; original series preserved
ERS Total public R&D,2008,all,,7.744577,Published ERS public agricultural and food research; all funding sources; net laboratory plus recipient research expenditures,Published ERS constant 2022 dollars; original series preserved
ERS Total public R&D,2009,all,,7.511518,Published ERS public agricultural and food research; all funding sources; net laboratory plus recipient research expenditures,Published ERS constant 2022 dollars; original series preserved
ERS Total public R&D,2010,all,,6.908678,Published ERS public agricultural and food research; all funding sources; net laboratory plus recipient research expenditures,Published ERS constant 2022 dollars; original series preserved
ERS Total public R&D,2011,all,,6.825927,Published ERS public agricultural and food research; all funding sources; net laboratory plus recipient research expenditures,Published ERS constant 2022 dollars; original series preserved
ERS Total public R&D,2012,all,,6.243617,Published ERS public agricultural and food research; all funding sources; net laboratory plus recipient research expenditures,Published ERS constant 2022 dollars; original series preserved
ERS Total public R&D,2013,all,,5.505763,Published ERS public agricultural and food research; all funding sources; net laboratory plus recipient research expenditures,Published ERS constant 2022 dollars; original series preserved
ERS Total public R&D,2014,all,,5.523185,Published ERS public agricultural and food research; all funding sources; net laboratory plus recipient research expenditures,Published ERS constant 2022 dollars; original series preserved
ERS Total public R&D,2015,all,,5.771114,Published ERS public agricultural and food research; all funding sources; net laboratory plus recipient research expenditures,Published ERS constant 2022 dollars; original series preserved
ERS Total public R&D,2016,all,,5.621601,Published ERS public agricultural and food research; all funding sources; net laboratory plus recipient research expenditures,Published ERS constant 2022 dollars; original series preserved
ERS Total public R&D,2017,all,,5.73624,Published ERS public agricultural and food research; all funding sources; net laboratory plus recipient research expenditures,Published ERS constant 2022 dollars; original series preserved
ERS Total public R&D,2018,all,,5.621513,Published ERS public agricultural and food research; all funding sources; net laboratory plus recipient research expenditures,Published ERS constant 2022 dollars; original series preserved
ERS Total public R&D,2019,all,,5.449901,Published ERS public agricultural and food research; all funding sources; net laboratory plus recipient research expenditures,Published ERS constant 2022 dollars; original series preserved
ERS Total public R&D,2020,all,,5.707647,Published ERS public agricultural and food research; all funding sources; net laboratory plus recipient research expenditures,Published ERS constant 2022 dollars; original series preserved
ERS Total public R&D,2021,all,,5.746658,Published ERS public agricultural and food research; all funding sources; net laboratory plus recipient research expenditures,Published ERS constant 2022 dollars; original series preserved
ERS USDA intramural agencies,1970,all,,2.283121,Published ERS public agricultural and food research; all funding sources; net laboratory plus recipient research expenditures,Published ERS constant 2022 dollars; original series preserved
ERS USDA intramural agencies,1971,all,,2.292057,Published ERS public agricultural and food research; all funding sources; net laboratory plus recipient research expenditures,Published ERS constant 2022 dollars; original series preserved
ERS USDA intramural agencies,1972,all,,2.486754,Published ERS public agricultural and food research; all funding sources; net laboratory plus recipient research expenditures,Published ERS constant 2022 dollars; original series preserved
ERS USDA intramural agencies,1973,all,,2.288296,Published ERS public agricultural and food research; all funding sources; net laboratory plus recipient research expenditures,Published ERS constant 2022 dollars; original series preserved
ERS USDA intramural agencies,1974,all,,2.314281,Published ERS public agricultural and food research; all funding sources; net laboratory plus recipient research expenditures,Published ERS constant 2022 dollars; original series preserved
ERS USDA intramural agencies,1975,all,,2.319714,Published ERS public agricultural and food research; all funding sources; net laboratory plus recipient research expenditures,Published ERS constant 2022 dollars; original series preserved
ERS USDA intramural agencies,1976,all,,2.396724,Published ERS public agricultural and food research; all funding sources; net laboratory plus recipient research expenditures,Published ERS constant 2022 dollars; original series preserved
ERS USDA intramural agencies,1977,all,,2.538873,Published ERS public agricultural and food research; all funding sources; net laboratory plus recipient research expenditures,Published ERS constant 2022 dollars; original series preserved
ERS USDA intramural agencies,1978,all,,2.457135,Published ERS public agricultural and food research; all funding sources; net laboratory plus recipient research expenditures,Published ERS constant 2022 dollars; original series preserved
ERS USDA intramural agencies,1979,all,,2.439784,Published ERS public agricultural and food research; all funding sources; net laboratory plus recipient research expenditures,Published ERS constant 2022 dollars; original series preserved
ERS USDA intramural agencies,1980,all,,2.411053,Published ERS public agricultural and food research; all funding sources; net laboratory plus recipient research expenditures,Published ERS constant 2022 dollars; original series preserved
ERS USDA intramural agencies,1981,all,,2.445574,Published ERS public agricultural and food research; all funding sources; net laboratory plus recipient research expenditures,Published ERS constant 2022 dollars; original series preserved
ERS USDA intramural agencies,1982,all,,2.342832,Published ERS public agricultural and food research; all funding sources; net laboratory plus recipient research expenditures,Published ERS constant 2022 dollars; original series preserved
ERS USDA intramural agencies,1983,all,,2.310606,Published ERS public agricultural and food research; all funding sources; net laboratory plus recipient research expenditures,Published ERS constant 2022 dollars; original series preserved
ERS USDA intramural agencies,1984,all,,2.240177,Published ERS public agricultural and food research; all funding sources; net laboratory plus recipient research expenditures,Published ERS constant 2022 dollars; original series preserved
ERS USDA intramural agencies,1985,all,,2.21845,Published ERS public agricultural and food research; all funding sources; net laboratory plus recipient research expenditures,Published ERS constant 2022 dollars; original series preserved
ERS USDA intramural agencies,1986,all,,2.185701,Published ERS public agricultural and food research; all funding sources; net laboratory plus recipient research expenditures,Published ERS constant 2022 dollars; original series preserved
ERS USDA intramural agencies,1987,all,,2.145079,Published ERS public agricultural and food research; all funding sources; net laboratory plus recipient research expenditures,Published ERS constant 2022 dollars; original series preserved
ERS USDA intramural agencies,1988,all,,2.131393,Published ERS public agricultural and food research; all funding sources; net laboratory plus recipient research expenditures,Published ERS constant 2022 dollars; original series preserved
ERS USDA intramural agencies,1989,all,,2.11494,Published ERS public agricultural and food research; all funding sources; net laboratory plus recipient research expenditures,Published ERS constant 2022 dollars; original series preserved
ERS USDA intramural agencies,1990,all,,2.104937,Published ERS public agricultural and food research; all funding sources; net laboratory plus recipient research expenditures,Published ERS constant 2022 dollars; original series preserved
ERS USDA intramural agencies,1991,all,,2.099026,Published ERS public agricultural and food research; all funding sources; net laboratory plus recipient research expenditures,Published ERS constant 2022 dollars; original series preserved
ERS USDA intramural agencies,1992,all,,2.234389,Published ERS public agricultural and food research; all funding sources; net laboratory plus recipient research expenditures,Published ERS constant 2022 dollars; original series preserved
ERS USDA intramural agencies,1993,all,,2.266813,Published ERS public agricultural and food research; all funding sources; net laboratory plus recipient research expenditures,Published ERS constant 2022 dollars; original series preserved
ERS USDA intramural agencies,1994,all,,2.173694,Published ERS public agricultural and food research; all funding sources; net laboratory plus recipient research expenditures,Published ERS constant 2022 dollars; original series preserved
ERS USDA intramural agencies,1995,all,,2.120458,Published ERS public agricultural and food research; all funding sources; net laboratory plus recipient research expenditures,Published ERS constant 2022 dollars; original series preserved
ERS USDA intramural agencies,1996,all,,1.992348,Published ERS public agricultural and food research; all funding sources; net laboratory plus recipient research expenditures,Published ERS constant 2022 dollars; original series preserved
ERS USDA intramural agencies,1997,all,,1.999334,Published ERS public agricultural and food research; all funding sources; net laboratory plus recipient research expenditures,Published ERS constant 2022 dollars; original series preserved
ERS USDA intramural agencies,1998,all,,2.006273,Published ERS public agricultural and food research; all funding sources; net laboratory plus recipient research expenditures,Published ERS constant 2022 dollars; original series preserved
ERS USDA intramural agencies,1999,all,,2.102511,Published ERS public agricultural and food research; all funding sources; net laboratory plus recipient research expenditures,Published ERS constant 2022 dollars; original series preserved
ERS USDA intramural agencies,2000,all,,2.17268,Published ERS public agricultural and food research; all funding sources; net laboratory plus recipient research expenditures,Published ERS constant 2022 dollars; original series preserved
ERS USDA intramural agencies,2001,all,,2.361556,Published ERS public agricultural and food research; all funding sources; net laboratory plus recipient research expenditures,Published ERS constant 2022 dollars; original series preserved
ERS USDA intramural agencies,2002,all,,2.515385,Published ERS public agricultural and food research; all funding sources; net laboratory plus recipient research expenditures,Published ERS constant 2022 dollars; original series preserved
ERS USDA intramural agencies,2003,all,,2.430958,Published ERS public agricultural and food research; all funding sources; net laboratory plus recipient research expenditures,Published ERS constant 2022 dollars; original series preserved
ERS USDA intramural agencies,2004,all,,2.515672,Published ERS public agricultural and food research; all funding sources; net laboratory plus recipient research expenditures,Published ERS constant 2022 dollars; original series preserved
ERS USDA intramural agencies,2005,all,,2.515406,Published ERS public agricultural and food research; all funding sources; net laboratory plus recipient research expenditures,Published ERS constant 2022 dollars; original series preserved
ERS USDA intramural agencies,2006,all,,2.491219,Published ERS public agricultural and food research; all funding sources; net laboratory plus recipient research expenditures,Published ERS constant 2022 dollars; original series preserved
ERS USDA intramural agencies,2007,all,,2.425558,Published ERS public agricultural and food research; all funding sources; net laboratory plus recipient research expenditures,Published ERS constant 2022 dollars; original series preserved
ERS USDA intramural agencies,2008,all,,2.252413,Published ERS public agricultural and food research; all funding sources; net laboratory plus recipient research expenditures,Published ERS constant 2022 dollars; original series preserved
ERS USDA intramural agencies,2009,all,,2.068386,Published ERS public agricultural and food research; all funding sources; net laboratory plus recipient research expenditures,Published ERS constant 2022 dollars; original series preserved
ERS USDA intramural agencies,2010,all,,2.242314,Published ERS public agricultural and food research; all funding sources; net laboratory plus recipient research expenditures,Published ERS constant 2022 dollars; original series preserved
ERS USDA intramural agencies,2011,all,,2.070466,Published ERS public agricultural and food research; all funding sources; net laboratory plus recipient research expenditures,Published ERS constant 2022 dollars; original series preserved
ERS USDA intramural agencies,2012,all,,1.884877,Published ERS public agricultural and food research; all funding sources; net laboratory plus recipient research expenditures,Published ERS constant 2022 dollars; original series preserved
ERS USDA intramural agencies,2013,all,,1.664866,Published ERS public agricultural and food research; all funding sources; net laboratory plus recipient research expenditures,Published ERS constant 2022 dollars; original series preserved
ERS USDA intramural agencies,2014,all,,1.793093,Published ERS public agricultural and food research; all funding sources; net laboratory plus recipient research expenditures,Published ERS constant 2022 dollars; original series preserved
ERS USDA intramural agencies,2015,all,,1.770844,Published ERS public agricultural and food research; all funding sources; net laboratory plus recipient research expenditures,Published ERS constant 2022 dollars; original series preserved
ERS USDA intramural agencies,2016,all,,1.750822,Published ERS public agricultural and food research; all funding sources; net laboratory plus recipient research expenditures,Published ERS constant 2022 dollars; original series preserved
ERS USDA intramural agencies,2017,all,,1.886768,Published ERS public agricultural and food research; all funding sources; net laboratory plus recipient research expenditures,Published ERS constant 2022 dollars; original series preserved
ERS USDA intramural agencies,2018,all,,1.753599,Published ERS public agricultural and food research; all funding sources; net laboratory plus recipient research expenditures,Published ERS constant 2022 dollars; original series preserved
ERS USDA intramural agencies,2019,all,,1.634244,Published ERS public agricultural and food research; all funding sources; net laboratory plus recipient research expenditures,Published ERS constant 2022 dollars; original series preserved
ERS USDA intramural agencies,2020,all,,1.757711,Published ERS public agricultural and food research; all funding sources; net laboratory plus recipient research expenditures,Published ERS constant 2022 dollars; original series preserved
ERS USDA intramural agencies,2021,all,,1.831454,Published ERS public agricultural and food research; all funding sources; net laboratory plus recipient research expenditures,Published ERS constant 2022 dollars; original series preserved
ERS State universities and cooperating institutions,1970,all,,3.18449,Published ERS public agricultural and food research; all funding sources; net laboratory plus recipient research expenditures,Published ERS constant 2022 dollars; original series preserved
ERS State universities and cooperating institutions,1971,all,,3.228267,Published ERS public agricultural and food research; all funding sources; net laboratory plus recipient research expenditures,Published ERS constant 2022 dollars; original series preserved
ERS State universities and cooperating institutions,1972,all,,3.256463,Published ERS public agricultural and food research; all funding sources; net laboratory plus recipient research expenditures,Published ERS constant 2022 dollars; original series preserved
ERS State universities and cooperating institutions,1973,all,,3.382712,Published ERS public agricultural and food research; all funding sources; net laboratory plus recipient research expenditures,Published ERS constant 2022 dollars; original series preserved
ERS State universities and cooperating institutions,1974,all,,3.541635,Published ERS public agricultural and food research; all funding sources; net laboratory plus recipient research expenditures,Published ERS constant 2022 dollars; original series preserved
ERS State universities and cooperating institutions,1975,all,,3.632151,Published ERS public agricultural and food research; all funding sources; net laboratory plus recipient research expenditures,Published ERS constant 2022 dollars; original series preserved
ERS State universities and cooperating institutions,1976,all,,3.663182,Published ERS public agricultural and food research; all funding sources; net laboratory plus recipient research expenditures,Published ERS constant 2022 dollars; original series preserved
ERS State universities and cooperating institutions,1977,all,,3.897948,Published ERS public agricultural and food research; all funding sources; net laboratory plus recipient research expenditures,Published ERS constant 2022 dollars; original series preserved
ERS State universities and cooperating institutions,1978,all,,3.974105,Published ERS public agricultural and food research; all funding sources; net laboratory plus recipient research expenditures,Published ERS constant 2022 dollars; original series preserved
ERS State universities and cooperating institutions,1979,all,,4.130851,Published ERS public agricultural and food research; all funding sources; net laboratory plus recipient research expenditures,Published ERS constant 2022 dollars; original series preserved
ERS State universities and cooperating institutions,1980,all,,4.186746,Published ERS public agricultural and food research; all funding sources; net laboratory plus recipient research expenditures,Published ERS constant 2022 dollars; original series preserved
ERS State universities and cooperating institutions,1981,all,,4.190384,Published ERS public agricultural and food research; all funding sources; net laboratory plus recipient research expenditures,Published ERS constant 2022 dollars; original series preserved
ERS State universities and cooperating institutions,1982,all,,4.328954,Published ERS public agricultural and food research; all funding sources; net laboratory plus recipient research expenditures,Published ERS constant 2022 dollars; original series preserved
ERS State universities and cooperating institutions,1983,all,,4.226782,Published ERS public agricultural and food research; all funding sources; net laboratory plus recipient research expenditures,Published ERS constant 2022 dollars; original series preserved
ERS State universities and cooperating institutions,1984,all,,4.231724,Published ERS public agricultural and food research; all funding sources; net laboratory plus recipient research expenditures,Published ERS constant 2022 dollars; original series preserved
ERS State universities and cooperating institutions,1985,all,,4.338247,Published ERS public agricultural and food research; all funding sources; net laboratory plus recipient research expenditures,Published ERS constant 2022 dollars; original series preserved
ERS State universities and cooperating institutions,1986,all,,4.516927,Published ERS public agricultural and food research; all funding sources; net laboratory plus recipient research expenditures,Published ERS constant 2022 dollars; original series preserved
ERS State universities and cooperating institutions,1987,all,,4.549615,Published ERS public agricultural and food research; all funding sources; net laboratory plus recipient research expenditures,Published ERS constant 2022 dollars; original series preserved
ERS State universities and cooperating institutions,1988,all,,4.610623,Published ERS public agricultural and food research; all funding sources; net laboratory plus recipient research expenditures,Published ERS constant 2022 dollars; original series preserved
ERS State universities and cooperating institutions,1989,all,,4.775003,Published ERS public agricultural and food research; all funding sources; net laboratory plus recipient research expenditures,Published ERS constant 2022 dollars; original series preserved
ERS State universities and cooperating institutions,1990,all,,4.872139,Published ERS public agricultural and food research; all funding sources; net laboratory plus recipient research expenditures,Published ERS constant 2022 dollars; original series preserved
ERS State universities and cooperating institutions,1991,all,,4.877672,Published ERS public agricultural and food research; all funding sources; net laboratory plus recipient research expenditures,Published ERS constant 2022 dollars; original series preserved
ERS State universities and cooperating institutions,1992,all,,4.830215,Published ERS public agricultural and food research; all funding sources; net laboratory plus recipient research expenditures,Published ERS constant 2022 dollars; original series preserved
ERS State universities and cooperating institutions,1993,all,,4.823297,Published ERS public agricultural and food research; all funding sources; net laboratory plus recipient research expenditures,Published ERS constant 2022 dollars; original series preserved
ERS State universities and cooperating institutions,1994,all,,4.888643,Published ERS public agricultural and food research; all funding sources; net laboratory plus recipient research expenditures,Published ERS constant 2022 dollars; original series preserved
ERS State universities and cooperating institutions,1995,all,,4.860559,Published ERS public agricultural and food research; all funding sources; net laboratory plus recipient research expenditures,Published ERS constant 2022 dollars; original series preserved
ERS State universities and cooperating institutions,1996,all,,4.781429,Published ERS public agricultural and food research; all funding sources; net laboratory plus recipient research expenditures,Published ERS constant 2022 dollars; original series preserved
ERS State universities and cooperating institutions,1997,all,,4.782053,Published ERS public agricultural and food research; all funding sources; net laboratory plus recipient research expenditures,Published ERS constant 2022 dollars; original series preserved
ERS State universities and cooperating institutions,1998,all,,4.853263,Published ERS public agricultural and food research; all funding sources; net laboratory plus recipient research expenditures,Published ERS constant 2022 dollars; original series preserved
ERS State universities and cooperating institutions,1999,all,,4.967973,Published ERS public agricultural and food research; all funding sources; net laboratory plus recipient research expenditures,Published ERS constant 2022 dollars; original series preserved
ERS State universities and cooperating institutions,2000,all,,5.075133,Published ERS public agricultural and food research; all funding sources; net laboratory plus recipient research expenditures,Published ERS constant 2022 dollars; original series preserved
ERS State universities and cooperating institutions,2001,all,,5.184509,Published ERS public agricultural and food research; all funding sources; net laboratory plus recipient research expenditures,Published ERS constant 2022 dollars; original series preserved
ERS State universities and cooperating institutions,2002,all,,5.590103,Published ERS public agricultural and food research; all funding sources; net laboratory plus recipient research expenditures,Published ERS constant 2022 dollars; original series preserved
ERS State universities and cooperating institutions,2003,all,,5.512031,Published ERS public agricultural and food research; all funding sources; net laboratory plus recipient research expenditures,Published ERS constant 2022 dollars; original series preserved
ERS State universities and cooperating institutions,2004,all,,5.488133,Published ERS public agricultural and food research; all funding sources; net laboratory plus recipient research expenditures,Published ERS constant 2022 dollars; original series preserved
ERS State universities and cooperating institutions,2005,all,,5.501023,Published ERS public agricultural and food research; all funding sources; net laboratory plus recipient research expenditures,Published ERS constant 2022 dollars; original series preserved
ERS State universities and cooperating institutions,2006,all,,5.467035,Published ERS public agricultural and food research; all funding sources; net laboratory plus recipient research expenditures,Published ERS constant 2022 dollars; original series preserved
ERS State universities and cooperating institutions,2007,all,,5.145473,Published ERS public agricultural and food research; all funding sources; net laboratory plus recipient research expenditures,Published ERS constant 2022 dollars; original series preserved
ERS State universities and cooperating institutions,2008,all,,5.492165,Published ERS public agricultural and food research; all funding sources; net laboratory plus recipient research expenditures,Published ERS constant 2022 dollars; original series preserved
ERS State universities and cooperating institutions,2009,all,,5.443132,Published ERS public agricultural and food research; all funding sources; net laboratory plus recipient research expenditures,Published ERS constant 2022 dollars; original series preserved
ERS State universities and cooperating institutions,2010,all,,4.666364,Published ERS public agricultural and food research; all funding sources; net laboratory plus recipient research expenditures,Published ERS constant 2022 dollars; original series preserved
ERS State universities and cooperating institutions,2011,all,,4.755461,Published ERS public agricultural and food research; all funding sources; net laboratory plus recipient research expenditures,Published ERS constant 2022 dollars; original series preserved
ERS State universities and cooperating institutions,2012,all,,4.358739,Published ERS public agricultural and food research; all funding sources; net laboratory plus recipient research expenditures,Published ERS constant 2022 dollars; original series preserved
ERS State universities and cooperating institutions,2013,all,,3.840897,Published ERS public agricultural and food research; all funding sources; net laboratory plus recipient research expenditures,Published ERS constant 2022 dollars; original series preserved
ERS State universities and cooperating institutions,2014,all,,3.730092,Published ERS public agricultural and food research; all funding sources; net laboratory plus recipient research expenditures,Published ERS constant 2022 dollars; original series preserved
ERS State universities and cooperating institutions,2015,all,,4.000271,Published ERS public agricultural and food research; all funding sources; net laboratory plus recipient research expenditures,Published ERS constant 2022 dollars; original series preserved
ERS State universities and cooperating institutions,2016,all,,3.870779,Published ERS public agricultural and food research; all funding sources; net laboratory plus recipient research expenditures,Published ERS constant 2022 dollars; original series preserved
ERS State universities and cooperating institutions,2017,all,,3.849472,Published ERS public agricultural and food research; all funding sources; net laboratory plus recipient research expenditures,Published ERS constant 2022 dollars; original series preserved
ERS State universities and cooperating institutions,2018,all,,3.867915,Published ERS public agricultural and food research; all funding sources; net laboratory plus recipient research expenditures,Published ERS constant 2022 dollars; original series preserved
ERS State universities and cooperating institutions,2019,all,,3.815658,Published ERS public agricultural and food research; all funding sources; net laboratory plus recipient research expenditures,Published ERS constant 2022 dollars; original series preserved
ERS State universities and cooperating institutions,2020,all,,3.949936,Published ERS public agricultural and food research; all funding sources; net laboratory plus recipient research expenditures,Published ERS constant 2022 dollars; original series preserved
ERS State universities and cooperating institutions,2021,all,,3.915204,Published ERS public agricultural and food research; all funding sources; net laboratory plus recipient research expenditures,Published ERS constant 2022 dollars; original series preserved
Gateway mixed funding diagnostic,2021,all,1476.54238448,1.5442736865203672,"Observed nonformula awards + formula expenditures; 2021 methodological diagnostic, not spending",NIH/BEA BRDPI March 2025; 2022 dollars
Fuglie Figure 3 NIFA funding,2021,all,1492,1.5604403669724771,Funding definition not yet confirmed; not inserted into spending series,NIH/BEA BRDPI March 2025; 2022 dollars
Gateway observed nonformula award union,2021,all,1180.70218508,1.234862835771743,2021 diagnostic combines annual + latest award fields without duplicating project-year; not complete historical awards,NIH/BEA BRDPI March 2025; 2022 dollars
Local display: Federal spending,2003,all,2437.7070000000003,4.192657485560904,USDA R&D + plant + non-USDA university research; pre-2010 unassigned funds assumed non-USDA,NIH/BEA BRDPI March 2025; 2022 dollars
Local display: HHS university research,2003,all,31.890999999999995,0.054849922436134756,University agricultural sciences; allocation assumption only in Other federal before 2010,NIH/BEA BRDPI March 2025; 2022 dollars
Local display: NSF university research,2003,all,54.345,0.09346897352832284,University agricultural sciences; allocation assumption only in Other federal before 2010,NIH/BEA BRDPI March 2025; 2022 dollars
Local display: Other federal university research (including HHS and NSF),2003,all,394.70700000000016,0.6788638905960758,University agricultural sciences; allocation assumption only in Other federal before 2010,NIH/BEA BRDPI March 2025; 2022 dollars
Local display: Other federal excluding HHS and NSF,2003,all,308.4710000000003,0.5305449946316183,University agricultural sciences; allocation assumption only in Other federal before 2010,NIH/BEA BRDPI March 2025; 2022 dollars
Local display: Unallocated assumed non-USDA,2003,all,121.65300000000023,0.20923325120325842,University agricultural sciences; allocation assumption only in Other federal before 2010,NIH/BEA BRDPI March 2025; 2022 dollars
Local display: Federal spending,2004,all,2597.3519999999994,4.306977946100303,USDA R&D + plant + non-USDA university research; pre-2010 unassigned funds assumed non-USDA,NIH/BEA BRDPI March 2025; 2022 dollars
Local display: HHS university research,2004,all,81.299,0.13481153114403,University agricultural sciences; allocation assumption only in Other federal before 2010,NIH/BEA BRDPI March 2025; 2022 dollars
Local display: NSF university research,2004,all,96.663,0.1602884049616277,University agricultural sciences; allocation assumption only in Other federal before 2010,NIH/BEA BRDPI March 2025; 2022 dollars
Local display: Other federal university research (including HHS and NSF),2004,all,436.35199999999986,0.7235670947706584,University agricultural sciences; allocation assumption only in Other federal before 2010,NIH/BEA BRDPI March 2025; 2022 dollars
Local display: Other federal excluding HHS and NSF,2004,all,258.3899999999999,0.42846715866500074,University agricultural sciences; allocation assumption only in Other federal before 2010,NIH/BEA BRDPI March 2025; 2022 dollars
Local display: Unallocated assumed non-USDA,2004,all,24.08399999999988,0.03993654185257878,University agricultural sciences; allocation assumption only in Other federal before 2010,NIH/BEA BRDPI March 2025; 2022 dollars
Comparison: Federal plus reported state (state hidden in federal chart),2004,all,3839.825498999999,6.367270874747278,"Federal spending plus Gateway state project reports, all activities; state absent outside 2004–2021",NIH/BEA BRDPI March 2025; 2022 dollars
Local display: Federal spending,2005,all,2672.8160000000003,4.266128406802954,USDA R&D + plant + non-USDA university research; pre-2010 unassigned funds assumed non-USDA,NIH/BEA BRDPI March 2025; 2022 dollars
Local display: HHS university research,2005,all,51.571,0.08231337588043292,University agricultural sciences; allocation assumption only in Other federal before 2010,NIH/BEA BRDPI March 2025; 2022 dollars
Local display: NSF university research,2005,all,99.813,0.15931327658477923,University agricultural sciences; allocation assumption only in Other federal before 2010,NIH/BEA BRDPI March 2025; 2022 dollars
Local display: Other federal university research (including HHS and NSF),2005,all,391.81600000000003,0.6253843765676,University agricultural sciences; allocation assumption only in Other federal before 2010,NIH/BEA BRDPI March 2025; 2022 dollars
Local display: Other federal excluding HHS and NSF,2005,all,240.43199999999996,0.38375772410238784,University agricultural sciences; allocation assumption only in Other federal before 2010,NIH/BEA BRDPI March 2025; 2022 dollars
Local display: Unallocated assumed non-USDA,2005,all,7.644999999999998,0.012202318330183815,University agricultural sciences; allocation assumption only in Other federal before 2010,NIH/BEA BRDPI March 2025; 2022 dollars
Comparison: Federal plus reported state (state hidden in federal chart),2005,all,3930.2587949999993,6.273154864171962,"Federal spending plus Gateway state project reports, all activities; state absent outside 2004–2021",NIH/BEA BRDPI March 2025; 2022 dollars
Local display: Federal spending,2006,all,2768.275,4.2229772637714476,USDA R&D + plant + non-USDA university research; pre-2010 unassigned funds assumed non-USDA,NIH/BEA BRDPI March 2025; 2022 dollars
Local display: HHS university research,2006,all,65.937,0.10058626828667597,University agricultural sciences; allocation assumption only in Other federal before 2010,NIH/BEA BRDPI March 2025; 2022 dollars
Local display: NSF university research,2006,all,100.531,0.15335908726705527,University agricultural sciences; allocation assumption only in Other federal before 2010,NIH/BEA BRDPI March 2025; 2022 dollars
Local display: Other federal university research (including HHS and NSF),2006,all,398.27500000000015,0.6075647360643628,University agricultural sciences; allocation assumption only in Other federal before 2010,NIH/BEA BRDPI March 2025; 2022 dollars
Local display: Other federal excluding HHS and NSF,2006,all,231.80700000000016,0.3536193805106316,University agricultural sciences; allocation assumption only in Other federal before 2010,NIH/BEA BRDPI March 2025; 2022 dollars
Local display: Unallocated assumed non-USDA,2006,all,1.8520000000001027,0.0028252084393729504,University agricultural sciences; allocation assumption only in Other federal before 2010,NIH/BEA BRDPI March 2025; 2022 dollars
Comparison: Federal plus reported state (state hidden in federal chart),2006,all,4096.255897999999,6.248799531781955,"Federal spending plus Gateway state project reports, all activities; state absent outside 2004–2021",NIH/BEA BRDPI March 2025; 2022 dollars
Local display: Federal spending,2007,all,2850.806,4.1896296339765895,USDA R&D + plant + non-USDA university research; pre-2010 unassigned funds assumed non-USDA,NIH/BEA BRDPI March 2025; 2022 dollars
Local display: HHS university research,2007,all,65.714,0.09657525688073393,University agricultural sciences; allocation assumption only in Other federal before 2010,NIH/BEA BRDPI March 2025; 2022 dollars
Local display: NSF university research,2007,all,83.864,0.12324903891173679,University agricultural sciences; allocation assumption only in Other federal before 2010,NIH/BEA BRDPI March 2025; 2022 dollars
Local display: Other federal university research (including HHS and NSF),2007,all,416.8059999999998,0.6125505450806703,University agricultural sciences; allocation assumption only in Other federal before 2010,NIH/BEA BRDPI March 2025; 2022 dollars
Local display: Other federal excluding HHS and NSF,2007,all,267.2279999999998,0.3927262492881996,University agricultural sciences; allocation assumption only in Other federal before 2010,NIH/BEA BRDPI March 2025; 2022 dollars
Local display: Unallocated assumed non-USDA,2007,all,43.17299999999975,0.0634483301170512,University agricultural sciences; allocation assumption only in Other federal before 2010,NIH/BEA BRDPI March 2025; 2022 dollars
Comparison: Federal plus reported state (state hidden in federal chart),2007,all,4214.270132000001,6.193417240811768,"Federal spending plus Gateway state project reports, all activities; state absent outside 2004–2021",NIH/BEA BRDPI March 2025; 2022 dollars
Local display: Federal spending,2008,all,2781.679,3.905489926558368,USDA R&D + plant + non-USDA university research; pre-2010 unassigned funds assumed non-USDA,NIH/BEA BRDPI March 2025; 2022 dollars
Local display: HHS university research,2008,all,68.448,0.09610130230449565,University agricultural sciences; allocation assumption only in Other federal before 2010,NIH/BEA BRDPI March 2025; 2022 dollars
Local display: NSF university research,2008,all,81.935,0.11503711144692104,University agricultural sciences; allocation assumption only in Other federal before 2010,NIH/BEA BRDPI March 2025; 2022 dollars
Local display: Other federal university research (including HHS and NSF),2008,all,379.67900000000003,0.5330710372497167,University agricultural sciences; allocation assumption only in Other federal before 2010,NIH/BEA BRDPI March 2025; 2022 dollars
Local display: Other federal excluding HHS and NSF,2008,all,229.29600000000002,0.32193262349830004,University agricultural sciences; allocation assumption only in Other federal before 2010,NIH/BEA BRDPI March 2025; 2022 dollars
Local display: Unallocated assumed non-USDA,2008,all,13.102000000000043,0.018395267397053328,University agricultural sciences; allocation assumption only in Other federal before 2010,NIH/BEA BRDPI March 2025; 2022 dollars
Comparison: Federal plus reported state (state hidden in federal chart),2008,all,4238.166879,5.950405511566151,"Federal spending plus Gateway state project reports, all activities; state absent outside 2004–2021",NIH/BEA BRDPI March 2025; 2022 dollars
Local display: Federal spending,2009,all,2675.157,3.6489589205020927,USDA R&D + plant + non-USDA university research; pre-2010 unassigned funds assumed non-USDA,NIH/BEA BRDPI March 2025; 2022 dollars
Local display: HHS university research,2009,all,66.28800000000001,0.09041794142259416,University agricultural sciences; allocation assumption only in Other federal before 2010,NIH/BEA BRDPI March 2025; 2022 dollars
Local display: NSF university research,2009,all,75.002,0.10230398326359834,University agricultural sciences; allocation assumption only in Other federal before 2010,NIH/BEA BRDPI March 2025; 2022 dollars
Local display: Other federal university research (including HHS and NSF),2009,all,371.1570000000001,0.5062643598326362,University agricultural sciences; allocation assumption only in Other federal before 2010,NIH/BEA BRDPI March 2025; 2022 dollars
Local display: Other federal excluding HHS and NSF,2009,all,229.8670000000001,0.31354243514644364,University agricultural sciences; allocation assumption only in Other federal before 2010,NIH/BEA BRDPI March 2025; 2022 dollars
Local display: Unallocated assumed non-USDA,2009,all,16.979000000000106,0.02315964016736416,University agricultural sciences; allocation assumption only in Other federal before 2010,NIH/BEA BRDPI March 2025; 2022 dollars
Comparison: Federal plus reported state (state hidden in federal chart),2009,all,4088.4857739999998,5.576763022276151,"Federal spending plus Gateway state project reports, all activities; state absent outside 2004–2021",NIH/BEA BRDPI March 2025; 2022 dollars
Local display: Federal spending,2010,all,2865.2030000000004,3.792918867706775,USDA R&D + plant + non-USDA university research; pre-2010 unassigned funds assumed non-USDA,NIH/BEA BRDPI March 2025; 2022 dollars
Local display: HHS university research,2010,all,85.533,0.11322748493267792,University agricultural sciences; allocation assumption only in Other federal before 2010,NIH/BEA BRDPI March 2025; 2022 dollars
Local display: NSF university research,2010,all,95.16900000000001,0.12598349775593076,University agricultural sciences; allocation assumption only in Other federal before 2010,NIH/BEA BRDPI March 2025; 2022 dollars
Local display: Other federal university research (including HHS and NSF),2010,all,430.20300000000003,0.5694971964094893,University agricultural sciences; allocation assumption only in Other federal before 2010,NIH/BEA BRDPI March 2025; 2022 dollars
Local display: Other federal excluding HHS and NSF,2010,all,249.50100000000003,0.3302862137208806,University agricultural sciences; allocation assumption only in Other federal before 2010,NIH/BEA BRDPI March 2025; 2022 dollars
Local display: Unallocated assumed non-USDA,2010,all,0.0,0,University agricultural sciences; allocation assumption only in Other federal before 2010,NIH/BEA BRDPI March 2025; 2022 dollars
Comparison: Federal plus reported state (state hidden in federal chart),2010,all,4055.2300550000004,5.368261372231246,"Federal spending plus Gateway state project reports, all activities; state absent outside 2004–2021",NIH/BEA BRDPI March 2025; 2022 dollars
Local display: Federal spending,2011,all,2896.106,3.72708925077914,USDA R&D + plant + non-USDA university research; pre-2010 unassigned funds assumed non-USDA,NIH/BEA BRDPI March 2025; 2022 dollars
Local display: HHS university research,2011,all,97.434,0.1253908572615832,University agricultural sciences; allocation assumption only in Other federal before 2010,NIH/BEA BRDPI March 2025; 2022 dollars
Local display: NSF university research,2011,all,106.45200000000001,0.13699640307500519,University agricultural sciences; allocation assumption only in Other federal before 2010,NIH/BEA BRDPI March 2025; 2022 dollars
Local display: Other federal university research (including HHS and NSF),2011,all,476.106,0.6127156792021609,University agricultural sciences; allocation assumption only in Other federal before 2010,NIH/BEA BRDPI March 2025; 2022 dollars
Local display: Other federal excluding HHS and NSF,2011,all,272.2200000000001,0.35032841886557253,University agricultural sciences; allocation assumption only in Other federal before 2010,NIH/BEA BRDPI March 2025; 2022 dollars
Local display: Unallocated assumed non-USDA,2011,all,0.0,0,University agricultural sciences; allocation assumption only in Other federal before 2010,NIH/BEA BRDPI March 2025; 2022 dollars
Comparison: Federal plus reported state (state hidden in federal chart),2011,all,4025.732034,5.180840269810098,"Federal spending plus Gateway state project reports, all activities; state absent outside 2004–2021",NIH/BEA BRDPI March 2025; 2022 dollars
Local display: Federal spending,2012,all,2880.966000000001,3.660702284737418,USDA R&D + plant + non-USDA university research; pre-2010 unassigned funds assumed non-USDA,NIH/BEA BRDPI March 2025; 2022 dollars
Local display: HHS university research,2012,all,94.87,0.12054665891684901,University agricultural sciences; allocation assumption only in Other federal before 2010,NIH/BEA BRDPI March 2025; 2022 dollars
Local display: NSF university research,2012,all,113.897,0.14472333520240702,University agricultural sciences; allocation assumption only in Other federal before 2010,NIH/BEA BRDPI March 2025; 2022 dollars
Local display: Other federal university research (including HHS and NSF),2012,all,520.966,0.6619659608862144,University agricultural sciences; allocation assumption only in Other federal before 2010,NIH/BEA BRDPI March 2025; 2022 dollars
Local display: Other federal excluding HHS and NSF,2012,all,312.199,0.3966959667669584,University agricultural sciences; allocation assumption only in Other federal before 2010,NIH/BEA BRDPI March 2025; 2022 dollars
Local display: Unallocated assumed non-USDA,2012,all,0.0,0,University agricultural sciences; allocation assumption only in Other federal before 2010,NIH/BEA BRDPI March 2025; 2022 dollars
Comparison: Federal plus reported state (state hidden in federal chart),2012,all,3985.9173120000005,5.064709757356674,"Federal spending plus Gateway state project reports, all activities; state absent outside 2004–2021",NIH/BEA BRDPI March 2025; 2022 dollars
Local display: Federal spending,2013,all,2761.685,3.444598648811921,USDA R&D + plant + non-USDA university research; pre-2010 unassigned funds assumed non-USDA,NIH/BEA BRDPI March 2025; 2022 dollars
Local display: HHS university research,2013,all,90.983,0.11348141401530408,University agricultural sciences; allocation assumption only in Other federal before 2010,NIH/BEA BRDPI March 2025; 2022 dollars
Local display: NSF university research,2013,all,117.93999999999998,0.14710438179621427,University agricultural sciences; allocation assumption only in Other federal before 2010,NIH/BEA BRDPI March 2025; 2022 dollars
Local display: Other federal university research (including HHS and NSF),2013,all,505.68499999999995,0.6307315525573903,University agricultural sciences; allocation assumption only in Other federal before 2010,NIH/BEA BRDPI March 2025; 2022 dollars
Local display: Other federal excluding HHS and NSF,2013,all,296.762,0.37014575674587197,University agricultural sciences; allocation assumption only in Other federal before 2010,NIH/BEA BRDPI March 2025; 2022 dollars
Local display: Unallocated assumed non-USDA,2013,all,0.0,0,University agricultural sciences; allocation assumption only in Other federal before 2010,NIH/BEA BRDPI March 2025; 2022 dollars
Comparison: Federal plus reported state (state hidden in federal chart),2013,all,3822.485503,4.767715506561015,"Federal spending plus Gateway state project reports, all activities; state absent outside 2004–2021",NIH/BEA BRDPI March 2025; 2022 dollars
Local display: Federal spending,2014,all,2811.158,3.432575762649494,USDA R&D + plant + non-USDA university research; pre-2010 unassigned funds assumed non-USDA,NIH/BEA BRDPI March 2025; 2022 dollars
Local display: HHS university research,2014,all,73.745,0.09004662833486661,University agricultural sciences; allocation assumption only in Other federal before 2010,NIH/BEA BRDPI March 2025; 2022 dollars
Local display: NSF university research,2014,all,117.644,0.14364967853857277,University agricultural sciences; allocation assumption only in Other federal before 2010,NIH/BEA BRDPI March 2025; 2022 dollars
Local display: Other federal university research (including HHS and NSF),2014,all,471.1580000000001,0.5753093675910107,University agricultural sciences; allocation assumption only in Other federal before 2010,NIH/BEA BRDPI March 2025; 2022 dollars
Local display: Other federal excluding HHS and NSF,2014,all,279.76900000000006,0.34161306071757136,University agricultural sciences; allocation assumption only in Other federal before 2010,NIH/BEA BRDPI March 2025; 2022 dollars
Local display: Unallocated assumed non-USDA,2014,all,0.0,0,University agricultural sciences; allocation assumption only in Other federal before 2010,NIH/BEA BRDPI March 2025; 2022 dollars
Comparison: Federal plus reported state (state hidden in federal chart),2014,all,3845.3530041800004,4.695383724778076,"Federal spending plus Gateway state project reports, all activities; state absent outside 2004–2021",NIH/BEA BRDPI March 2025; 2022 dollars
Local display: Federal spending,2015,all,2798.503,3.3491197749726282,USDA R&D + plant + non-USDA university research; pre-2010 unassigned funds assumed non-USDA,NIH/BEA BRDPI March 2025; 2022 dollars
Local display: HHS university research,2015,all,70.089,0.08387929400399304,University agricultural sciences; allocation assumption only in Other federal before 2010,NIH/BEA BRDPI March 2025; 2022 dollars
Local display: NSF university research,2015,all,110.91399999999999,0.1327367777419978,University agricultural sciences; allocation assumption only in Other federal before 2010,NIH/BEA BRDPI March 2025; 2022 dollars
Local display: Other federal university research (including HHS and NSF),2015,all,459.50300000000004,0.5499120722612224,University agricultural sciences; allocation assumption only in Other federal before 2010,NIH/BEA BRDPI March 2025; 2022 dollars
Local display: Other federal excluding HHS and NSF,2015,all,278.50000000000006,0.33329600051523156,University agricultural sciences; allocation assumption only in Other federal before 2010,NIH/BEA BRDPI March 2025; 2022 dollars
Local display: Unallocated assumed non-USDA,2015,all,0.0,0,University agricultural sciences; allocation assumption only in Other federal before 2010,NIH/BEA BRDPI March 2025; 2022 dollars
Comparison: Federal plus reported state (state hidden in federal chart),2015,all,3921.4446193099984,4.693004696078984,"Federal spending plus Gateway state project reports, all activities; state absent outside 2004–2021",NIH/BEA BRDPI March 2025; 2022 dollars
Local display: Federal spending,2016,all,2783.4980000000005,3.260192867065869,USDA R&D + plant + non-USDA university research; pre-2010 unassigned funds assumed non-USDA,NIH/BEA BRDPI March 2025; 2022 dollars
Local display: HHS university research,2016,all,65.821,0.0770933389221557,University agricultural sciences; allocation assumption only in Other federal before 2010,NIH/BEA BRDPI March 2025; 2022 dollars
Local display: NSF university research,2016,all,84.837,0.09936597125748503,University agricultural sciences; allocation assumption only in Other federal before 2010,NIH/BEA BRDPI March 2025; 2022 dollars
Local display: Other federal university research (including HHS and NSF),2016,all,351.498,0.41169466347305395,University agricultural sciences; allocation assumption only in Other federal before 2010,NIH/BEA BRDPI March 2025; 2022 dollars
Local display: Other federal excluding HHS and NSF,2016,all,200.84000000000003,0.23523535329341322,University agricultural sciences; allocation assumption only in Other federal before 2010,NIH/BEA BRDPI March 2025; 2022 dollars
Local display: Unallocated assumed non-USDA,2016,all,0.0,0,University agricultural sciences; allocation assumption only in Other federal before 2010,NIH/BEA BRDPI March 2025; 2022 dollars
Comparison: Federal plus reported state (state hidden in federal chart),2016,all,3862.331421290001,4.523784586852241,"Federal spending plus Gateway state project reports, all activities; state absent outside 2004–2021",NIH/BEA BRDPI March 2025; 2022 dollars
Local display: Federal spending,2017,all,2699.377,3.081638103704614,USDA R&D + plant + non-USDA university research; pre-2010 unassigned funds assumed non-USDA,NIH/BEA BRDPI March 2025; 2022 dollars
Local display: HHS university research,2017,all,59.601,0.06804114898322787,University agricultural sciences; allocation assumption only in Other federal before 2010,NIH/BEA BRDPI March 2025; 2022 dollars
Local display: NSF university research,2017,all,82.138,0.0937696329790502,University agricultural sciences; allocation assumption only in Other federal before 2010,NIH/BEA BRDPI March 2025; 2022 dollars
Local display: Other federal university research (including HHS and NSF),2017,all,354.377,0.4045606324261228,University agricultural sciences; allocation assumption only in Other federal before 2010,NIH/BEA BRDPI March 2025; 2022 dollars
Local display: Other federal excluding HHS and NSF,2017,all,212.638,0.2427498504638447,University agricultural sciences; allocation assumption only in Other federal before 2010,NIH/BEA BRDPI March 2025; 2022 dollars
Local display: Unallocated assumed non-USDA,2017,all,0.0,0,University agricultural sciences; allocation assumption only in Other federal before 2010,NIH/BEA BRDPI March 2025; 2022 dollars
Comparison: Federal plus reported state (state hidden in federal chart),2017,all,3914.653816869993,4.469011318122394,"Federal spending plus Gateway state project reports, all activities; state absent outside 2004–2021",NIH/BEA BRDPI March 2025; 2022 dollars
Local display: Federal spending,2018,all,2668.498,2.9722489861535695,USDA R&D + plant + non-USDA university research; pre-2010 unassigned funds assumed non-USDA,NIH/BEA BRDPI March 2025; 2022 dollars
Local display: HHS university research,2018,all,61.237000000000016,0.068207512677576,University agricultural sciences; allocation assumption only in Other federal before 2010,NIH/BEA BRDPI March 2025; 2022 dollars
Local display: NSF university research,2018,all,79.882,0.08897484409278907,University agricultural sciences; allocation assumption only in Other federal before 2010,NIH/BEA BRDPI March 2025; 2022 dollars
Local display: Other federal university research (including HHS and NSF),2018,all,321.498,0.3580936184139543,University agricultural sciences; allocation assumption only in Other federal before 2010,NIH/BEA BRDPI March 2025; 2022 dollars
Local display: Other federal excluding HHS and NSF,2018,all,180.37899999999996,0.20091126164358925,University agricultural sciences; allocation assumption only in Other federal before 2010,NIH/BEA BRDPI March 2025; 2022 dollars
Local display: Unallocated assumed non-USDA,2018,all,0.0,0,University agricultural sciences; allocation assumption only in Other federal before 2010,NIH/BEA BRDPI March 2025; 2022 dollars
Comparison: Federal plus reported state (state hidden in federal chart),2018,all,3813.0189539399976,4.247048984122342,"Federal spending plus Gateway state project reports, all activities; state absent outside 2004–2021",NIH/BEA BRDPI March 2025; 2022 dollars
Local display: Federal spending,2019,all,2868.2980000000007,3.128593181263208,USDA R&D + plant + non-USDA university research; pre-2010 unassigned funds assumed non-USDA,NIH/BEA BRDPI March 2025; 2022 dollars
Local display: HHS university research,2019,all,60.02,0.0654667551068326,University agricultural sciences; allocation assumption only in Other federal before 2010,NIH/BEA BRDPI March 2025; 2022 dollars
Local display: NSF university research,2019,all,80.386,0.08768094928386945,University agricultural sciences; allocation assumption only in Other federal before 2010,NIH/BEA BRDPI March 2025; 2022 dollars
Local display: Other federal university research (including HHS and NSF),2019,all,321.29800000000006,0.350455472880958,University agricultural sciences; allocation assumption only in Other federal before 2010,NIH/BEA BRDPI March 2025; 2022 dollars
Local display: Other federal excluding HHS and NSF,2019,all,180.89200000000005,0.197307768490256,University agricultural sciences; allocation assumption only in Other federal before 2010,NIH/BEA BRDPI March 2025; 2022 dollars
Local display: Unallocated assumed non-USDA,2019,all,0.0,0,University agricultural sciences; allocation assumption only in Other federal before 2010,NIH/BEA BRDPI March 2025; 2022 dollars
Comparison: Federal plus reported state (state hidden in federal chart),2019,all,3924.4147598299996,4.2805514831627764,"Federal spending plus Gateway state project reports, all activities; state absent outside 2004–2021",NIH/BEA BRDPI March 2025; 2022 dollars
Local display: Federal spending,2020,all,2913.8949999999995,3.123687371062651,USDA R&D + plant + non-USDA university research; pre-2010 unassigned funds assumed non-USDA,NIH/BEA BRDPI March 2025; 2022 dollars
Local display: HHS university research,2020,all,139.918,0.14999170854967117,University agricultural sciences; allocation assumption only in Other federal before 2010,NIH/BEA BRDPI March 2025; 2022 dollars
Local display: NSF university research,2020,all,75.042,0.08044481619937695,University agricultural sciences; allocation assumption only in Other federal before 2010,NIH/BEA BRDPI March 2025; 2022 dollars
Local display: Other federal university research (including HHS and NSF),2020,all,379.895,0.4072463880235375,University agricultural sciences; allocation assumption only in Other federal before 2010,NIH/BEA BRDPI March 2025; 2022 dollars
Local display: Other federal excluding HHS and NSF,2020,all,164.935,0.17680986327448944,University agricultural sciences; allocation assumption only in Other federal before 2010,NIH/BEA BRDPI March 2025; 2022 dollars
Local display: Unallocated assumed non-USDA,2020,all,0.0,0,University agricultural sciences; allocation assumption only in Other federal before 2010,NIH/BEA BRDPI March 2025; 2022 dollars
Comparison: Federal plus reported state (state hidden in federal chart),2020,all,3932.3284421500007,4.215445200878696,"Federal spending plus Gateway state project reports, all activities; state absent outside 2004–2021",NIH/BEA BRDPI March 2025; 2022 dollars
Local display: Federal spending,2021,all,3077.322,3.2184835596330275,USDA R&D + plant + non-USDA university research; pre-2010 unassigned funds assumed non-USDA,NIH/BEA BRDPI March 2025; 2022 dollars
Local display: HHS university research,2021,all,141.163,0.1476383669724771,University agricultural sciences; allocation assumption only in Other federal before 2010,NIH/BEA BRDPI March 2025; 2022 dollars
Local display: NSF university research,2021,all,66.09599999999999,0.06912792660550458,University agricultural sciences; allocation assumption only in Other federal before 2010,NIH/BEA BRDPI March 2025; 2022 dollars
Local display: Other federal university research (including HHS and NSF),2021,all,373.32200000000006,0.3904468623853211,University agricultural sciences; allocation assumption only in Other federal before 2010,NIH/BEA BRDPI March 2025; 2022 dollars
Local display: Other federal excluding HHS and NSF,2021,all,166.06300000000002,0.17368056880733945,University agricultural sciences; allocation assumption only in Other federal before 2010,NIH/BEA BRDPI March 2025; 2022 dollars
Local display: Unallocated assumed non-USDA,2021,all,0.0,0,University agricultural sciences; allocation assumption only in Other federal before 2010,NIH/BEA BRDPI March 2025; 2022 dollars
Comparison: Federal plus reported state (state hidden in federal chart),2021,all,4056.7477004199995,4.242837044475963,"Federal spending plus Gateway state project reports, all activities; state absent outside 2004–2021",NIH/BEA BRDPI March 2025; 2022 dollars
Local display: Federal spending,2022,all,3389.436,3.3894360000000003,USDA R&D + plant + non-USDA university research; pre-2010 unassigned funds assumed non-USDA,NIH/BEA BRDPI March 2025; 2022 dollars
Local display: HHS university research,2022,all,160.253,0.16025299999999998,University agricultural sciences; allocation assumption only in Other federal before 2010,NIH/BEA BRDPI March 2025; 2022 dollars
Local display: NSF university research,2022,all,82.086,0.08208599999999999,University agricultural sciences; allocation assumption only in Other federal before 2010,NIH/BEA BRDPI March 2025; 2022 dollars
Local display: Other federal university research (including HHS and NSF),2022,all,431.436,0.431436,University agricultural sciences; allocation assumption only in Other federal before 2010,NIH/BEA BRDPI March 2025; 2022 dollars
Local display: Other federal excluding HHS and NSF,2022,all,189.097,0.18909700000000002,University agricultural sciences; allocation assumption only in Other federal before 2010,NIH/BEA BRDPI March 2025; 2022 dollars
Local display: Unallocated assumed non-USDA,2022,all,0.0,0,University agricultural sciences; allocation assumption only in Other federal before 2010,NIH/BEA BRDPI March 2025; 2022 dollars
Local display: Federal spending,2023,all,3678.8200000000006,3.5428781155739832,USDA R&D + plant + non-USDA university research; pre-2010 unassigned funds assumed non-USDA,NIH/BEA BRDPI March 2025; 2022 dollars
Local display: HHS university research,2023,all,201.617,0.1941667320031096,University agricultural sciences; allocation assumption only in Other federal before 2010,NIH/BEA BRDPI March 2025; 2022 dollars
Local display: NSF university research,2023,all,98.938,0.09528198579942992,University agricultural sciences; allocation assumption only in Other federal before 2010,NIH/BEA BRDPI March 2025; 2022 dollars
Local display: Other federal university research (including HHS and NSF),2023,all,508.82000000000005,0.49001778906452453,University agricultural sciences; allocation assumption only in Other federal before 2010,NIH/BEA BRDPI March 2025; 2022 dollars
Local display: Other federal excluding HHS and NSF,2023,all,208.26500000000001,0.20056907126198498,University agricultural sciences; allocation assumption only in Other federal before 2010,NIH/BEA BRDPI March 2025; 2022 dollars
Local display: Unallocated assumed non-USDA,2023,all,0.0,0,University agricultural sciences; allocation assumption only in Other federal before 2010,NIH/BEA BRDPI March 2025; 2022 dollars
Local display: Federal spending,2024,all,4076.4,3.7911744144144146,USDA R&D + plant + non-USDA university research; pre-2010 unassigned funds assumed non-USDA,NIH/BEA BRDPI March 2025; 2022 dollars
Local display: HHS university research,2024,all,219.061,0.20373330840840842,University agricultural sciences; allocation assumption only in Other federal before 2010,NIH/BEA BRDPI March 2025; 2022 dollars
Local display: NSF university research,2024,all,103.03400000000002,0.09582471411411413,University agricultural sciences; allocation assumption only in Other federal before 2010,NIH/BEA BRDPI March 2025; 2022 dollars
Local display: Other federal university research (including HHS and NSF),2024,all,593.4,0.5518798198198198,University agricultural sciences; allocation assumption only in Other federal before 2010,NIH/BEA BRDPI March 2025; 2022 dollars
Local display: Other federal excluding HHS and NSF,2024,all,271.30499999999995,0.25232179729729726,University agricultural sciences; allocation assumption only in Other federal before 2010,NIH/BEA BRDPI March 2025; 2022 dollars
Local display: Unallocated assumed non-USDA,2024,all,0.0,0,University agricultural sciences; allocation assumption only in Other federal before 2010,NIH/BEA BRDPI March 2025; 2022 dollars
Gateway state by Program: Hatch projects,2004,Hatch projects,775.6931230000001,1.2862689283942534,"State appropriation amounts, grouped by project category; all activities, incomplete 2010–14 reporting",NIH/BEA BRDPI March 2025; 2022 dollars
Gateway state by Program: Hatch projects,2005,Hatch projects,793.0181099999999,1.2657500876155299,"State appropriation amounts, grouped by project category; all activities, incomplete 2010–14 reporting",NIH/BEA BRDPI March 2025; 2022 dollars
Gateway state by Program: Hatch projects,2006,Hatch projects,809.6075569999998,1.235048651520729,"State appropriation amounts, grouped by project category; all activities, incomplete 2010–14 reporting",NIH/BEA BRDPI March 2025; 2022 dollars
Gateway state by Program: Hatch projects,2007,Hatch projects,811.0414499999999,1.1919307358351787,"State appropriation amounts, grouped by project category; all activities, incomplete 2010–14 reporting",NIH/BEA BRDPI March 2025; 2022 dollars
Gateway state by Program: Hatch projects,2008,Hatch projects,873.315671,1.2261391612030221,"State appropriation amounts, grouped by project category; all activities, incomplete 2010–14 reporting",NIH/BEA BRDPI March 2025; 2022 dollars
Gateway state by Program: Hatch projects,2009,Hatch projects,819.4403080000001,1.1177302945941423,"State appropriation amounts, grouped by project category; all activities, incomplete 2010–14 reporting",NIH/BEA BRDPI March 2025; 2022 dollars
Gateway state by Program: Hatch projects,2010,Hatch projects,734.8247369999999,0.9727515325877323,"State appropriation amounts, grouped by project category; all activities, incomplete 2010–14 reporting",NIH/BEA BRDPI March 2025; 2022 dollars
Gateway state by Program: Hatch projects,2011,Hatch projects,681.043314,0.8764559083557033,"State appropriation amounts, grouped by project category; all activities, incomplete 2010–14 reporting",NIH/BEA BRDPI March 2025; 2022 dollars
Gateway state by Program: Hatch projects,2012,Hatch projects,669.00367,0.850070172041849,"State appropriation amounts, grouped by project category; all activities, incomplete 2010–14 reporting",NIH/BEA BRDPI March 2025; 2022 dollars
Gateway state by Program: Hatch projects,2013,Hatch projects,645.9919560000001,0.8057338251035039,"State appropriation amounts, grouped by project category; all activities, incomplete 2010–14 reporting",NIH/BEA BRDPI March 2025; 2022 dollars
Gateway state by Program: Hatch projects,2014,Hatch projects,637.2032358600005,0.7780595695065402,"State appropriation amounts, grouped by project category; all activities, incomplete 2010–14 reporting",NIH/BEA BRDPI March 2025; 2022 dollars
Gateway state by Program: Hatch projects,2015,Hatch projects,658.8872453400003,0.7885259736528554,"State appropriation amounts, grouped by project category; all activities, incomplete 2010–14 reporting",NIH/BEA BRDPI March 2025; 2022 dollars
Gateway state by Program: Hatch projects,2016,Hatch projects,650.7698292699997,0.7622190335641434,"State appropriation amounts, grouped by project category; all activities, incomplete 2010–14 reporting",NIH/BEA BRDPI March 2025; 2022 dollars
Gateway state by Program: Hatch projects,2017,Hatch projects,701.9477943099989,0.8013512265078577,"State appropriation amounts, grouped by project category; all activities, incomplete 2010–14 reporting",NIH/BEA BRDPI March 2025; 2022 dollars
Gateway state by Program: Hatch projects,2018,Hatch projects,630.7594038699995,0.7025577679501488,"State appropriation amounts, grouped by project category; all activities, incomplete 2010–14 reporting",NIH/BEA BRDPI March 2025; 2022 dollars
Gateway state by Program: Hatch projects,2019,Hatch projects,590.85190899,0.6444711301275053,"State appropriation amounts, grouped by project category; all activities, incomplete 2010–14 reporting",NIH/BEA BRDPI March 2025; 2022 dollars
Gateway state by Program: Hatch projects,2020,Hatch projects,571.5479514900002,0.6126978213099794,"State appropriation amounts, grouped by project category; all activities, incomplete 2010–14 reporting",NIH/BEA BRDPI March 2025; 2022 dollars
Gateway state by Program: Hatch projects,2021,Hatch projects,554.415705,0.5798476180733946,"State appropriation amounts, grouped by project category; all activities, incomplete 2010–14 reporting",NIH/BEA BRDPI March 2025; 2022 dollars
Gateway state by Program: Hatch multistate projects,2004,Hatch multistate projects,15.193414000000002,0.02519400490344459,"State appropriation amounts, grouped by project category; all activities, incomplete 2010–14 reporting",NIH/BEA BRDPI March 2025; 2022 dollars
Gateway state by Program: Hatch multistate projects,2005,Hatch multistate projects,18.067996,0.028838644706407835,"State appropriation amounts, grouped by project category; all activities, incomplete 2010–14 reporting",NIH/BEA BRDPI March 2025; 2022 dollars
Gateway state by Program: Hatch multistate projects,2006,Hatch multistate projects,25.445428,0.03881675914095723,"State appropriation amounts, grouped by project category; all activities, incomplete 2010–14 reporting",NIH/BEA BRDPI March 2025; 2022 dollars
Gateway state by Program: Hatch multistate projects,2007,Hatch multistate projects,43.200801,0.06348918729689972,"State appropriation amounts, grouped by project category; all activities, incomplete 2010–14 reporting",NIH/BEA BRDPI March 2025; 2022 dollars
Gateway state by Program: Hatch multistate projects,2008,Hatch multistate projects,74.362769,0.10440566479471099,"State appropriation amounts, grouped by project category; all activities, incomplete 2010–14 reporting",NIH/BEA BRDPI March 2025; 2022 dollars
Gateway state by Program: Hatch multistate projects,2009,Hatch multistate projects,102.18856199999999,0.1393869088368201,"State appropriation amounts, grouped by project category; all activities, incomplete 2010–14 reporting",NIH/BEA BRDPI March 2025; 2022 dollars
Gateway state by Program: Hatch multistate projects,2010,Hatch multistate projects,129.69264299999998,0.1716854521782432,"State appropriation amounts, grouped by project category; all activities, incomplete 2010–14 reporting",NIH/BEA BRDPI March 2025; 2022 dollars
Gateway state by Program: Hatch multistate projects,2011,Hatch multistate projects,160.02853899999997,0.20594572419821314,"State appropriation amounts, grouped by project category; all activities, incomplete 2010–14 reporting",NIH/BEA BRDPI March 2025; 2022 dollars
Gateway state by Program: Hatch multistate projects,2012,Hatch multistate projects,155.207393,0.19721442674548686,"State appropriation amounts, grouped by project category; all activities, incomplete 2010–14 reporting",NIH/BEA BRDPI March 2025; 2022 dollars
Gateway state by Program: Hatch multistate projects,2013,Hatch multistate projects,159.663789,0.199145692522352,"State appropriation amounts, grouped by project category; all activities, incomplete 2010–14 reporting",NIH/BEA BRDPI March 2025; 2022 dollars
Gateway state by Program: Hatch multistate projects,2014,Hatch multistate projects,163.28676009000012,0.19938195400133932,"State appropriation amounts, grouped by project category; all activities, incomplete 2010–14 reporting",NIH/BEA BRDPI March 2025; 2022 dollars
Gateway state by Program: Hatch multistate projects,2015,Hatch multistate projects,158.78338238999996,0.19002465457403098,"State appropriation amounts, grouped by project category; all activities, incomplete 2010–14 reporting",NIH/BEA BRDPI March 2025; 2022 dollars
Gateway state by Program: Hatch multistate projects,2016,Hatch multistate projects,162.1099443800001,0.1898724857528624,"State appropriation amounts, grouped by project category; all activities, incomplete 2010–14 reporting",NIH/BEA BRDPI March 2025; 2022 dollars
Gateway state by Program: Hatch multistate projects,2017,Hatch multistate projects,180.64177281,0.2062226099622424,"State appropriation amounts, grouped by project category; all activities, incomplete 2010–14 reporting",NIH/BEA BRDPI March 2025; 2022 dollars
Gateway state by Program: Hatch multistate projects,2018,Hatch multistate projects,174.95878845,0.1948740758243661,"State appropriation amounts, grouped by project category; all activities, incomplete 2010–14 reporting",NIH/BEA BRDPI March 2025; 2022 dollars
Gateway state by Program: Hatch multistate projects,2019,Hatch multistate projects,187.71845726,0.20475371993456917,"State appropriation amounts, grouped by project category; all activities, incomplete 2010–14 reporting",NIH/BEA BRDPI March 2025; 2022 dollars
Gateway state by Program: Hatch multistate projects,2020,Hatch multistate projects,177.48540671999996,0.19026386452469363,"State appropriation amounts, grouped by project category; all activities, incomplete 2010–14 reporting",NIH/BEA BRDPI March 2025; 2022 dollars
Gateway state by Program: Hatch multistate projects,2021,Hatch multistate projects,180.48068899000003,0.1887596196776147,"State appropriation amounts, grouped by project category; all activities, incomplete 2010–14 reporting",NIH/BEA BRDPI March 2025; 2022 dollars
Gateway state by Program: McIntire–Stennis projects,2004,McIntire–Stennis projects,47.407830000000004,0.07861255551133323,"State appropriation amounts, grouped by project category; all activities, incomplete 2010–14 reporting",NIH/BEA BRDPI March 2025; 2022 dollars
Gateway state by Program: McIntire–Stennis projects,2005,McIntire–Stennis projects,50.816279,0.08110875248050163,"State appropriation amounts, grouped by project category; all activities, incomplete 2010–14 reporting",NIH/BEA BRDPI March 2025; 2022 dollars
Gateway state by Program: McIntire–Stennis projects,2006,McIntire–Stennis projects,52.93895799999999,0.08075787846285198,"State appropriation amounts, grouped by project category; all activities, incomplete 2010–14 reporting",NIH/BEA BRDPI March 2025; 2022 dollars
Gateway state by Program: McIntire–Stennis projects,2007,McIntire–Stennis projects,54.624535,0.08027784794131604,"State appropriation amounts, grouped by project category; all activities, incomplete 2010–14 reporting",NIH/BEA BRDPI March 2025; 2022 dollars
Gateway state by Program: McIntire–Stennis projects,2008,McIntire–Stennis projects,60.052503,0.08431398645606347,"State appropriation amounts, grouped by project category; all activities, incomplete 2010–14 reporting",NIH/BEA BRDPI March 2025; 2022 dollars
Gateway state by Program: McIntire–Stennis projects,2009,McIntire–Stennis projects,55.507935999999994,0.07571375370711297,"State appropriation amounts, grouped by project category; all activities, incomplete 2010–14 reporting",NIH/BEA BRDPI March 2025; 2022 dollars
Gateway state by Program: McIntire–Stennis projects,2010,McIntire–Stennis projects,55.415674,0.07335855626330412,"State appropriation amounts, grouped by project category; all activities, incomplete 2010–14 reporting",NIH/BEA BRDPI March 2025; 2022 dollars
Gateway state by Program: McIntire–Stennis projects,2011,McIntire–Stennis projects,58.780041,0.0756458703415749,"State appropriation amounts, grouped by project category; all activities, incomplete 2010–14 reporting",NIH/BEA BRDPI March 2025; 2022 dollars
Gateway state by Program: McIntire–Stennis projects,2012,McIntire–Stennis projects,56.596223,0.07191404648427244,"State appropriation amounts, grouped by project category; all activities, incomplete 2010–14 reporting",NIH/BEA BRDPI March 2025; 2022 dollars
Gateway state by Program: McIntire–Stennis projects,2013,McIntire–Stennis projects,61.823052999999994,0.07711075116431737,"State appropriation amounts, grouped by project category; all activities, incomplete 2010–14 reporting",NIH/BEA BRDPI March 2025; 2022 dollars
Gateway state by Program: McIntire–Stennis projects,2014,McIntire–Stennis projects,61.03396916999999,0.07452577310533183,"State appropriation amounts, grouped by project category; all activities, incomplete 2010–14 reporting",NIH/BEA BRDPI March 2025; 2022 dollars
Gateway state by Program: McIntire–Stennis projects,2015,McIntire–Stennis projects,64.6902884,0.07741836407862433,"State appropriation amounts, grouped by project category; all activities, incomplete 2010–14 reporting",NIH/BEA BRDPI March 2025; 2022 dollars
Gateway state by Program: McIntire–Stennis projects,2016,McIntire–Stennis projects,61.61844936999998,0.07217107004055087,"State appropriation amounts, grouped by project category; all activities, incomplete 2010–14 reporting",NIH/BEA BRDPI March 2025; 2022 dollars
Gateway state by Program: McIntire–Stennis projects,2017,McIntire–Stennis projects,60.347521699999966,0.06889338626463103,"State appropriation amounts, grouped by project category; all activities, incomplete 2010–14 reporting",NIH/BEA BRDPI March 2025; 2022 dollars
Gateway state by Program: McIntire–Stennis projects,2018,McIntire–Stennis projects,51.05699396000003,0.056868732348182016,"State appropriation amounts, grouped by project category; all activities, incomplete 2010–14 reporting",NIH/BEA BRDPI March 2025; 2022 dollars
Gateway state by Program: McIntire–Stennis projects,2019,McIntire–Stennis projects,54.91714467000002,0.05990082074770723,"State appropriation amounts, grouped by project category; all activities, incomplete 2010–14 reporting",NIH/BEA BRDPI March 2025; 2022 dollars
Gateway state by Program: McIntire–Stennis projects,2020,McIntire–Stennis projects,54.43824752,0.05835765059516788,"State appropriation amounts, grouped by project category; all activities, incomplete 2010–14 reporting",NIH/BEA BRDPI March 2025; 2022 dollars
Gateway state by Program: McIntire–Stennis projects,2021,McIntire–Stennis projects,57.859310850000014,0.06051340767798167,"State appropriation amounts, grouped by project category; all activities, incomplete 2010–14 reporting",NIH/BEA BRDPI March 2025; 2022 dollars
Gateway state by Program: Evans–Allen projects,2004,Evans–Allen projects,12.818615000000001,0.021256068528466895,"State appropriation amounts, grouped by project category; all activities, incomplete 2010–14 reporting",NIH/BEA BRDPI March 2025; 2022 dollars
Gateway state by Program: Evans–Allen projects,2005,Evans–Allen projects,16.415559000000002,0.02620116108383439,"State appropriation amounts, grouped by project category; all activities, incomplete 2010–14 reporting",NIH/BEA BRDPI March 2025; 2022 dollars
Gateway state by Program: Evans–Allen projects,2006,Evans–Allen projects,17.759699,0.027092252427386918,"State appropriation amounts, grouped by project category; all activities, incomplete 2010–14 reporting",NIH/BEA BRDPI March 2025; 2022 dollars
Gateway state by Program: Evans–Allen projects,2007,Evans–Allen projects,22.495458,0.03305999688041759,"State appropriation amounts, grouped by project category; all activities, incomplete 2010–14 reporting",NIH/BEA BRDPI March 2025; 2022 dollars
Gateway state by Program: Evans–Allen projects,2008,Evans–Allen projects,19.07126,0.02677613549829996,"State appropriation amounts, grouped by project category; all activities, incomplete 2010–14 reporting",NIH/BEA BRDPI March 2025; 2022 dollars
Gateway state by Program: Evans–Allen projects,2009,Evans–Allen projects,20.318606000000003,0.027714918644351466,"State appropriation amounts, grouped by project category; all activities, incomplete 2010–14 reporting",NIH/BEA BRDPI March 2025; 2022 dollars
Gateway state by Program: Evans–Allen projects,2010,Evans–Allen projects,26.008218999999997,0.03442934569053216,"State appropriation amounts, grouped by project category; all activities, incomplete 2010–14 reporting",NIH/BEA BRDPI March 2025; 2022 dollars
Gateway state by Program: Evans–Allen projects,2011,Evans–Allen projects,27.183543,0.03498335037232495,"State appropriation amounts, grouped by project category; all activities, incomplete 2010–14 reporting",NIH/BEA BRDPI March 2025; 2022 dollars
Gateway state by Program: Evans–Allen projects,2012,Evans–Allen projects,22.831089999999996,0.029010346989879643,"State appropriation amounts, grouped by project category; all activities, incomplete 2010–14 reporting",NIH/BEA BRDPI March 2025; 2022 dollars
Gateway state by Program: Evans–Allen projects,2013,Evans–Allen projects,24.004434,0.029940286789367703,"State appropriation amounts, grouped by project category; all activities, incomplete 2010–14 reporting",NIH/BEA BRDPI March 2025; 2022 dollars
Gateway state by Program: Evans–Allen projects,2014,Evans–Allen projects,23.67668334000001,0.028910509253770547,"State appropriation amounts, grouped by project category; all activities, incomplete 2010–14 reporting",NIH/BEA BRDPI March 2025; 2022 dollars
Gateway state by Program: Evans–Allen projects,2015,Evans–Allen projects,21.592149109999994,0.02584049170876666,"State appropriation amounts, grouped by project category; all activities, incomplete 2010–14 reporting",NIH/BEA BRDPI March 2025; 2022 dollars
Gateway state by Program: Evans–Allen projects,2016,Evans–Allen projects,19.180326420000004,0.022465100884742517,"State appropriation amounts, grouped by project category; all activities, incomplete 2010–14 reporting",NIH/BEA BRDPI March 2025; 2022 dollars
Gateway state by Program: Evans–Allen projects,2017,Evans–Allen projects,19.776913010000005,0.022577538708104694,"State appropriation amounts, grouped by project category; all activities, incomplete 2010–14 reporting",NIH/BEA BRDPI March 2025; 2022 dollars
Gateway state by Program: Evans–Allen projects,2018,Evans–Allen projects,19.934928829999997,0.022204090842118322,"State appropriation amounts, grouped by project category; all activities, incomplete 2010–14 reporting",NIH/BEA BRDPI March 2025; 2022 dollars
Gateway state by Program: Evans–Allen projects,2019,Evans–Allen projects,22.906974590000015,0.024985759675474305,"State appropriation amounts, grouped by project category; all activities, incomplete 2010–14 reporting",NIH/BEA BRDPI March 2025; 2022 dollars
Gateway state by Program: Evans–Allen projects,2020,Evans–Allen projects,20.272831549999992,0.021732419283610235,"State appropriation amounts, grouped by project category; all activities, incomplete 2010–14 reporting",NIH/BEA BRDPI March 2025; 2022 dollars
Gateway state by Program: Evans–Allen projects,2021,Evans–Allen projects,27.61909,0.028886020733944955,"State appropriation amounts, grouped by project category; all activities, incomplete 2010–14 reporting",NIH/BEA BRDPI March 2025; 2022 dollars
Gateway state by Program: Other capacity projects,2004,Other capacity projects,31.356810999999997,0.051996453864179906,"State appropriation amounts, grouped by project category; all activities, incomplete 2010–14 reporting",NIH/BEA BRDPI March 2025; 2022 dollars
Gateway state by Program: Other capacity projects,2005,Other capacity projects,33.378049,0.05327528831111493,"State appropriation amounts, grouped by project category; all activities, incomplete 2010–14 reporting",NIH/BEA BRDPI March 2025; 2022 dollars
Gateway state by Program: Other capacity projects,2006,Other capacity projects,35.263968000000006,0.05379484881175602,"State appropriation amounts, grouped by project category; all activities, incomplete 2010–14 reporting",NIH/BEA BRDPI March 2025; 2022 dollars
Gateway state by Program: Other capacity projects,2007,Other capacity projects,33.931285,0.04986642975877886,"State appropriation amounts, grouped by project category; all activities, incomplete 2010–14 reporting",NIH/BEA BRDPI March 2025; 2022 dollars
Gateway state by Program: Other capacity projects,2008,Other capacity projects,33.032998000000006,0.04637847894491878,"State appropriation amounts, grouped by project category; all activities, incomplete 2010–14 reporting",NIH/BEA BRDPI March 2025; 2022 dollars
Gateway state by Program: Other capacity projects,2009,Other capacity projects,26.407137000000002,0.03601977682845189,"State appropriation amounts, grouped by project category; all activities, incomplete 2010–14 reporting",NIH/BEA BRDPI March 2025; 2022 dollars
Gateway state by Program: Other capacity projects,2010,Other capacity projects,21.646888,0.028655871825603762,"State appropriation amounts, grouped by project category; all activities, incomplete 2010–14 reporting",NIH/BEA BRDPI March 2025; 2022 dollars
Gateway state by Program: Other capacity projects,2011,Other capacity projects,22.031142,0.02835256462663619,"State appropriation amounts, grouped by project category; all activities, incomplete 2010–14 reporting",NIH/BEA BRDPI March 2025; 2022 dollars
Gateway state by Program: Other capacity projects,2012,Other capacity projects,20.270733999999997,0.025757028117341353,"State appropriation amounts, grouped by project category; all activities, incomplete 2010–14 reporting",NIH/BEA BRDPI March 2025; 2022 dollars
Gateway state by Program: Other capacity projects,2013,Other capacity projects,16.955453,0.02114822309343536,"State appropriation amounts, grouped by project category; all activities, incomplete 2010–14 reporting",NIH/BEA BRDPI March 2025; 2022 dollars
Gateway state by Program: Other capacity projects,2014,Other capacity projects,17.085442879999995,0.020862248626374025,"State appropriation amounts, grouped by project category; all activities, incomplete 2010–14 reporting",NIH/BEA BRDPI March 2025; 2022 dollars
Gateway state by Program: Other capacity projects,2015,Other capacity projects,17.370694879999995,0.020788449298651375,"State appropriation amounts, grouped by project category; all activities, incomplete 2010–14 reporting",NIH/BEA BRDPI March 2025; 2022 dollars
Gateway state by Program: Other capacity projects,2016,Other capacity projects,16.996098029999995,0.019906807033940117,"State appropriation amounts, grouped by project category; all activities, incomplete 2010–14 reporting",NIH/BEA BRDPI March 2025; 2022 dollars
Gateway state by Program: Other capacity projects,2017,Other capacity projects,15.973197990000003,0.018235176325501017,"State appropriation amounts, grouped by project category; all activities, incomplete 2010–14 reporting",NIH/BEA BRDPI March 2025; 2022 dollars
Gateway state by Program: Other capacity projects,2018,Other capacity projects,22.06700225,0.024578854870796623,"State appropriation amounts, grouped by project category; all activities, incomplete 2010–14 reporting",NIH/BEA BRDPI March 2025; 2022 dollars
Gateway state by Program: Other capacity projects,2019,Other capacity projects,17.95262214,0.01958180468451984,"State appropriation amounts, grouped by project category; all activities, incomplete 2010–14 reporting",NIH/BEA BRDPI March 2025; 2022 dollars
Gateway state by Program: Other capacity projects,2020,Other capacity projects,17.564748500000004,0.018829361753028732,"State appropriation amounts, grouped by project category; all activities, incomplete 2010–14 reporting",NIH/BEA BRDPI March 2025; 2022 dollars
Gateway state by Program: Other capacity projects,2021,Other capacity projects,13.28664324,0.013896122287706422,"State appropriation amounts, grouped by project category; all activities, incomplete 2010–14 reporting",NIH/BEA BRDPI March 2025; 2022 dollars
Gateway state by Program: Nonformula projects,2004,Nonformula projects,90.270256,0.14968783660467608,"State appropriation amounts, grouped by project category; all activities, incomplete 2010–14 reporting",NIH/BEA BRDPI March 2025; 2022 dollars
Gateway state by Program: Nonformula projects,2005,Nonformula projects,85.66199300000002,0.13672660659044839,"State appropriation amounts, grouped by project category; all activities, incomplete 2010–14 reporting",NIH/BEA BRDPI March 2025; 2022 dollars
Gateway state by Program: Nonformula projects,2006,Nonformula projects,92.251167,0.14072828053476727,"State appropriation amounts, grouped by project category; all activities, incomplete 2010–14 reporting",NIH/BEA BRDPI March 2025; 2022 dollars
Gateway state by Program: Nonformula projects,2007,Nonformula projects,86.879811,0.12768116482141728,"State appropriation amounts, grouped by project category; all activities, incomplete 2010–14 reporting",NIH/BEA BRDPI March 2025; 2022 dollars
Gateway state by Program: Nonformula projects,2008,Nonformula projects,82.223703,0.11544245176773707,"State appropriation amounts, grouped by project category; all activities, incomplete 2010–14 reporting",NIH/BEA BRDPI March 2025; 2022 dollars
Gateway state by Program: Nonformula projects,2009,Nonformula projects,83.024391,0.11324665885355649,"State appropriation amounts, grouped by project category; all activities, incomplete 2010–14 reporting",NIH/BEA BRDPI March 2025; 2022 dollars
Gateway state by Program: Nonformula projects,2010,Nonformula projects,0.0,0.0,"State appropriation amounts, grouped by project category; all activities, incomplete 2010–14 reporting",NIH/BEA BRDPI March 2025; 2022 dollars
Gateway state by Program: Nonformula projects,2011,Nonformula projects,0.0,0.0,"State appropriation amounts, grouped by project category; all activities, incomplete 2010–14 reporting",NIH/BEA BRDPI March 2025; 2022 dollars
Gateway state by Program: Nonformula projects,2012,Nonformula projects,0.0,0.0,"State appropriation amounts, grouped by project category; all activities, incomplete 2010–14 reporting",NIH/BEA BRDPI March 2025; 2022 dollars
Gateway state by Program: Nonformula projects,2013,Nonformula projects,0.0,0.0,"State appropriation amounts, grouped by project category; all activities, incomplete 2010–14 reporting",NIH/BEA BRDPI March 2025; 2022 dollars
Gateway state by Program: Nonformula projects,2014,Nonformula projects,12.89352911,0.015743695487056116,"State appropriation amounts, grouped by project category; all activities, incomplete 2010–14 reporting",NIH/BEA BRDPI March 2025; 2022 dollars
Gateway state by Program: Nonformula projects,2015,Nonformula projects,71.70636904000004,0.08581488693896314,"State appropriation amounts, grouped by project category; all activities, incomplete 2010–14 reporting",NIH/BEA BRDPI March 2025; 2022 dollars
Gateway state by Program: Nonformula projects,2016,Nonformula projects,49.06842425999999,0.057471759193149695,"State appropriation amounts, grouped by project category; all activities, incomplete 2010–14 reporting",NIH/BEA BRDPI March 2025; 2022 dollars
Gateway state by Program: Nonformula projects,2017,Nonformula projects,114.33513471000002,0.1305262316877324,"State appropriation amounts, grouped by project category; all activities, incomplete 2010–14 reporting",NIH/BEA BRDPI March 2025; 2022 dollars
Gateway state by Program: Nonformula projects,2018,Nonformula projects,121.46454819000006,0.13529066921216695,"State appropriation amounts, grouped by project category; all activities, incomplete 2010–14 reporting",NIH/BEA BRDPI March 2025; 2022 dollars
Gateway state by Program: Nonformula projects,2019,Nonformula projects,61.98038619000002,0.06760504438733156,"State appropriation amounts, grouped by project category; all activities, incomplete 2010–14 reporting",NIH/BEA BRDPI March 2025; 2022 dollars
Gateway state by Program: Nonformula projects,2020,Nonformula projects,67.96040041000002,0.07285336104872622,"State appropriation amounts, grouped by project category; all activities, incomplete 2010–14 reporting",NIH/BEA BRDPI March 2025; 2022 dollars
Gateway state by Program: Nonformula projects,2021,Nonformula projects,66.97641238000001,0.07004872487449541,"State appropriation amounts, grouped by project category; all activities, incomplete 2010–14 reporting",NIH/BEA BRDPI March 2025; 2022 dollars
Gateway state by Program: State-funded projects,2004,State-funded projects,269.73345,0.4472770808406211,"State appropriation amounts, grouped by project category; all activities, incomplete 2010–14 reporting",NIH/BEA BRDPI March 2025; 2022 dollars
Gateway state by Program: State-funded projects,2005,State-funded projects,260.084809,0.4151259165811716,"State appropriation amounts, grouped by project category; all activities, incomplete 2010–14 reporting",NIH/BEA BRDPI March 2025; 2022 dollars
Gateway state by Program: State-funded projects,2006,State-funded projects,294.714121,0.4495835971120598,"State appropriation amounts, grouped by project category; all activities, incomplete 2010–14 reporting",NIH/BEA BRDPI March 2025; 2022 dollars
Gateway state by Program: State-funded projects,2007,State-funded projects,311.290792,0.4574822443011705,"State appropriation amounts, grouped by project category; all activities, incomplete 2010–14 reporting",NIH/BEA BRDPI March 2025; 2022 dollars
Gateway state by Program: State-funded projects,2008,State-funded projects,314.42897500000004,0.44145970634302983,"State appropriation amounts, grouped by project category; all activities, incomplete 2010–14 reporting",NIH/BEA BRDPI March 2025; 2022 dollars
Gateway state by Program: State-funded projects,2009,State-funded projects,306.4418340000001,0.4179917903096235,"State appropriation amounts, grouped by project category; all activities, incomplete 2010–14 reporting",NIH/BEA BRDPI March 2025; 2022 dollars
Gateway state by Program: State-funded projects,2010,State-funded projects,222.43889399999998,0.29446174597905533,"State appropriation amounts, grouped by project category; all activities, incomplete 2010–14 reporting",NIH/BEA BRDPI March 2025; 2022 dollars
Gateway state by Program: State-funded projects,2011,State-funded projects,180.559455,0.23236760113650531,"State appropriation amounts, grouped by project category; all activities, incomplete 2010–14 reporting",NIH/BEA BRDPI March 2025; 2022 dollars
Gateway state by Program: State-funded projects,2012,State-funded projects,181.04220200000003,0.2300414522404267,"State appropriation amounts, grouped by project category; all activities, incomplete 2010–14 reporting",NIH/BEA BRDPI March 2025; 2022 dollars
Gateway state by Program: State-funded projects,2013,State-funded projects,152.36181800000003,0.19003807907611764,"State appropriation amounts, grouped by project category; all activities, incomplete 2010–14 reporting",NIH/BEA BRDPI March 2025; 2022 dollars
Gateway state by Program: State-funded projects,2014,State-funded projects,119.01538372999998,0.14532421214817057,"State appropriation amounts, grouped by project category; all activities, incomplete 2010–14 reporting",NIH/BEA BRDPI March 2025; 2022 dollars
Gateway state by Program: State-funded projects,2015,State-funded projects,129.91149015000002,0.15547210085446642,"State appropriation amounts, grouped by project category; all activities, incomplete 2010–14 reporting",NIH/BEA BRDPI March 2025; 2022 dollars
Gateway state by Program: State-funded projects,2016,State-funded projects,119.09034956,0.13948546331698206,"State appropriation amounts, grouped by project category; all activities, incomplete 2010–14 reporting",NIH/BEA BRDPI March 2025; 2022 dollars
Gateway state by Program: State-funded projects,2017,State-funded projects,122.25448233999994,0.1395670449617177,"State appropriation amounts, grouped by project category; all activities, incomplete 2010–14 reporting",NIH/BEA BRDPI March 2025; 2022 dollars
Gateway state by Program: State-funded projects,2018,State-funded projects,124.27928838999996,0.1384258069209962,"State appropriation amounts, grouped by project category; all activities, incomplete 2010–14 reporting",NIH/BEA BRDPI March 2025; 2022 dollars
Gateway state by Program: State-funded projects,2019,State-funded projects,119.78926598999996,0.13066002234246182,"State appropriation amounts, grouped by project category; all activities, incomplete 2010–14 reporting",NIH/BEA BRDPI March 2025; 2022 dollars
Gateway state by Program: State-funded projects,2020,State-funded projects,109.16385596000005,0.1170233513008377,"State appropriation amounts, grouped by project category; all activities, incomplete 2010–14 reporting",NIH/BEA BRDPI March 2025; 2022 dollars
Gateway state by Program: State-funded projects,2021,State-funded projects,78.78784996000002,0.08240197151779817,"State appropriation amounts, grouped by project category; all activities, incomplete 2010–14 reporting",NIH/BEA BRDPI March 2025; 2022 dollars
Gateway state by Mechanism: Formula/capacity projects,2004,Formula/capacity projects,882.469793,1.4633280112016778,"State appropriation amounts, grouped by project category; all activities, incomplete 2010–14 reporting",NIH/BEA BRDPI March 2025; 2022 dollars
Gateway state by Mechanism: Formula/capacity projects,2005,Formula/capacity projects,911.6959929999999,1.4551739341973886,"State appropriation amounts, grouped by project category; all activities, incomplete 2010–14 reporting",NIH/BEA BRDPI March 2025; 2022 dollars
Gateway state by Mechanism: Formula/capacity projects,2006,Formula/capacity projects,941.01561,1.4355103903636814,"State appropriation amounts, grouped by project category; all activities, incomplete 2010–14 reporting",NIH/BEA BRDPI March 2025; 2022 dollars
Gateway state by Mechanism: Formula/capacity projects,2007,Formula/capacity projects,965.2935289999999,1.4186241977125909,"State appropriation amounts, grouped by project category; all activities, incomplete 2010–14 reporting",NIH/BEA BRDPI March 2025; 2022 dollars
Gateway state by Mechanism: Formula/capacity projects,2008,Formula/capacity projects,1059.835201,1.4880134268970155,"State appropriation amounts, grouped by project category; all activities, incomplete 2010–14 reporting",NIH/BEA BRDPI March 2025; 2022 dollars
Gateway state by Mechanism: Formula/capacity projects,2009,Formula/capacity projects,1023.8625489999998,1.3965656526108785,"State appropriation amounts, grouped by project category; all activities, incomplete 2010–14 reporting",NIH/BEA BRDPI March 2025; 2022 dollars
Gateway state by Mechanism: Formula/capacity projects,2010,Formula/capacity projects,967.5881609999999,1.2808807585454156,"State appropriation amounts, grouped by project category; all activities, incomplete 2010–14 reporting",NIH/BEA BRDPI March 2025; 2022 dollars
Gateway state by Mechanism: Formula/capacity projects,2011,Formula/capacity projects,949.0665790000002,1.2213834178944525,"State appropriation amounts, grouped by project category; all activities, incomplete 2010–14 reporting",NIH/BEA BRDPI March 2025; 2022 dollars
Gateway state by Mechanism: Formula/capacity projects,2012,Formula/capacity projects,923.9091099999999,1.1739660203788291,"State appropriation amounts, grouped by project category; all activities, incomplete 2010–14 reporting",NIH/BEA BRDPI March 2025; 2022 dollars
Gateway state by Mechanism: Formula/capacity projects,2013,Formula/capacity projects,908.438685,1.1330787786729763,"State appropriation amounts, grouped by project category; all activities, incomplete 2010–14 reporting",NIH/BEA BRDPI March 2025; 2022 dollars
Gateway state by Mechanism: Formula/capacity projects,2014,Formula/capacity projects,902.2860913399984,1.1017400544933535,"State appropriation amounts, grouped by project category; all activities, incomplete 2010–14 reporting",NIH/BEA BRDPI March 2025; 2022 dollars
Gateway state by Mechanism: Formula/capacity projects,2015,Formula/capacity projects,921.3237601199994,1.1025979333129279,"State appropriation amounts, grouped by project category; all activities, incomplete 2010–14 reporting",NIH/BEA BRDPI March 2025; 2022 dollars
Gateway state by Mechanism: Formula/capacity projects,2016,Formula/capacity projects,910.6746474699981,1.0666344972762374,"State appropriation amounts, grouped by project category; all activities, incomplete 2010–14 reporting",NIH/BEA BRDPI March 2025; 2022 dollars
Gateway state by Mechanism: Formula/capacity projects,2017,Formula/capacity projects,978.6871998199969,1.1172799377683345,"State appropriation amounts, grouped by project category; all activities, incomplete 2010–14 reporting",NIH/BEA BRDPI March 2025; 2022 dollars
Gateway state by Mechanism: Formula/capacity projects,2018,Formula/capacity projects,898.7771173600011,1.0010835218356136,"State appropriation amounts, grouped by project category; all activities, incomplete 2010–14 reporting",NIH/BEA BRDPI March 2025; 2022 dollars
Gateway state by Mechanism: Formula/capacity projects,2019,Formula/capacity projects,874.3471076499985,0.9536932351697742,"State appropriation amounts, grouped by project category; all activities, incomplete 2010–14 reporting",NIH/BEA BRDPI March 2025; 2022 dollars
Gateway state by Mechanism: Formula/capacity projects,2020,Formula/capacity projects,841.3091857800006,0.9018811174664805,"State appropriation amounts, grouped by project category; all activities, incomplete 2010–14 reporting",NIH/BEA BRDPI March 2025; 2022 dollars
Gateway state by Mechanism: Formula/capacity projects,2021,Formula/capacity projects,833.6614380799998,0.871902788450642,"State appropriation amounts, grouped by project category; all activities, incomplete 2010–14 reporting",NIH/BEA BRDPI March 2025; 2022 dollars
Gateway state by Mechanism: Nonformula projects,2004,Nonformula projects,90.270256,0.14968783660467608,"State appropriation amounts, grouped by project category; all activities, incomplete 2010–14 reporting",NIH/BEA BRDPI March 2025; 2022 dollars
Gateway state by Mechanism: Nonformula projects,2005,Nonformula projects,85.66199300000002,0.13672660659044839,"State appropriation amounts, grouped by project category; all activities, incomplete 2010–14 reporting",NIH/BEA BRDPI March 2025; 2022 dollars
Gateway state by Mechanism: Nonformula projects,2006,Nonformula projects,92.251167,0.14072828053476727,"State appropriation amounts, grouped by project category; all activities, incomplete 2010–14 reporting",NIH/BEA BRDPI March 2025; 2022 dollars
Gateway state by Mechanism: Nonformula projects,2007,Nonformula projects,86.879811,0.12768116482141728,"State appropriation amounts, grouped by project category; all activities, incomplete 2010–14 reporting",NIH/BEA BRDPI March 2025; 2022 dollars
Gateway state by Mechanism: Nonformula projects,2008,Nonformula projects,82.223703,0.11544245176773707,"State appropriation amounts, grouped by project category; all activities, incomplete 2010–14 reporting",NIH/BEA BRDPI March 2025; 2022 dollars
Gateway state by Mechanism: Nonformula projects,2009,Nonformula projects,83.024391,0.11324665885355649,"State appropriation amounts, grouped by project category; all activities, incomplete 2010–14 reporting",NIH/BEA BRDPI March 2025; 2022 dollars
Gateway state by Mechanism: Nonformula projects,2010,Nonformula projects,0.0,0.0,"State appropriation amounts, grouped by project category; all activities, incomplete 2010–14 reporting",NIH/BEA BRDPI March 2025; 2022 dollars
Gateway state by Mechanism: Nonformula projects,2011,Nonformula projects,0.0,0.0,"State appropriation amounts, grouped by project category; all activities, incomplete 2010–14 reporting",NIH/BEA BRDPI March 2025; 2022 dollars
Gateway state by Mechanism: Nonformula projects,2012,Nonformula projects,0.0,0.0,"State appropriation amounts, grouped by project category; all activities, incomplete 2010–14 reporting",NIH/BEA BRDPI March 2025; 2022 dollars
Gateway state by Mechanism: Nonformula projects,2013,Nonformula projects,0.0,0.0,"State appropriation amounts, grouped by project category; all activities, incomplete 2010–14 reporting",NIH/BEA BRDPI March 2025; 2022 dollars
Gateway state by Mechanism: Nonformula projects,2014,Nonformula projects,12.89352911,0.015743695487056116,"State appropriation amounts, grouped by project category; all activities, incomplete 2010–14 reporting",NIH/BEA BRDPI March 2025; 2022 dollars
Gateway state by Mechanism: Nonformula projects,2015,Nonformula projects,71.70636904000004,0.08581488693896314,"State appropriation amounts, grouped by project category; all activities, incomplete 2010–14 reporting",NIH/BEA BRDPI March 2025; 2022 dollars
Gateway state by Mechanism: Nonformula projects,2016,Nonformula projects,49.06842425999999,0.057471759193149695,"State appropriation amounts, grouped by project category; all activities, incomplete 2010–14 reporting",NIH/BEA BRDPI March 2025; 2022 dollars
Gateway state by Mechanism: Nonformula projects,2017,Nonformula projects,114.33513471000002,0.1305262316877324,"State appropriation amounts, grouped by project category; all activities, incomplete 2010–14 reporting",NIH/BEA BRDPI March 2025; 2022 dollars
Gateway state by Mechanism: Nonformula projects,2018,Nonformula projects,121.46454819000006,0.13529066921216695,"State appropriation amounts, grouped by project category; all activities, incomplete 2010–14 reporting",NIH/BEA BRDPI March 2025; 2022 dollars
Gateway state by Mechanism: Nonformula projects,2019,Nonformula projects,61.98038619000002,0.06760504438733156,"State appropriation amounts, grouped by project category; all activities, incomplete 2010–14 reporting",NIH/BEA BRDPI March 2025; 2022 dollars
Gateway state by Mechanism: Nonformula projects,2020,Nonformula projects,67.96040041000002,0.07285336104872622,"State appropriation amounts, grouped by project category; all activities, incomplete 2010–14 reporting",NIH/BEA BRDPI March 2025; 2022 dollars
Gateway state by Mechanism: Nonformula projects,2021,Nonformula projects,66.97641238000001,0.07004872487449541,"State appropriation amounts, grouped by project category; all activities, incomplete 2010–14 reporting",NIH/BEA BRDPI March 2025; 2022 dollars
Gateway state by Mechanism: State-funded projects,2004,State-funded projects,269.73345,0.4472770808406211,"State appropriation amounts, grouped by project category; all activities, incomplete 2010–14 reporting",NIH/BEA BRDPI March 2025; 2022 dollars
Gateway state by Mechanism: State-funded projects,2005,State-funded projects,260.084809,0.4151259165811716,"State appropriation amounts, grouped by project category; all activities, incomplete 2010–14 reporting",NIH/BEA BRDPI March 2025; 2022 dollars
Gateway state by Mechanism: State-funded projects,2006,State-funded projects,294.714121,0.4495835971120598,"State appropriation amounts, grouped by project category; all activities, incomplete 2010–14 reporting",NIH/BEA BRDPI March 2025; 2022 dollars
Gateway state by Mechanism: State-funded projects,2007,State-funded projects,311.290792,0.4574822443011705,"State appropriation amounts, grouped by project category; all activities, incomplete 2010–14 reporting",NIH/BEA BRDPI March 2025; 2022 dollars
Gateway state by Mechanism: State-funded projects,2008,State-funded projects,314.42897500000004,0.44145970634302983,"State appropriation amounts, grouped by project category; all activities, incomplete 2010–14 reporting",NIH/BEA BRDPI March 2025; 2022 dollars
Gateway state by Mechanism: State-funded projects,2009,State-funded projects,306.4418340000001,0.4179917903096235,"State appropriation amounts, grouped by project category; all activities, incomplete 2010–14 reporting",NIH/BEA BRDPI March 2025; 2022 dollars
Gateway state by Mechanism: State-funded projects,2010,State-funded projects,222.43889399999998,0.29446174597905533,"State appropriation amounts, grouped by project category; all activities, incomplete 2010–14 reporting",NIH/BEA BRDPI March 2025; 2022 dollars
Gateway state by Mechanism: State-funded projects,2011,State-funded projects,180.559455,0.23236760113650531,"State appropriation amounts, grouped by project category; all activities, incomplete 2010–14 reporting",NIH/BEA BRDPI March 2025; 2022 dollars
Gateway state by Mechanism: State-funded projects,2012,State-funded projects,181.04220200000003,0.2300414522404267,"State appropriation amounts, grouped by project category; all activities, incomplete 2010–14 reporting",NIH/BEA BRDPI March 2025; 2022 dollars
Gateway state by Mechanism: State-funded projects,2013,State-funded projects,152.36181800000003,0.19003807907611764,"State appropriation amounts, grouped by project category; all activities, incomplete 2010–14 reporting",NIH/BEA BRDPI March 2025; 2022 dollars
Gateway state by Mechanism: State-funded projects,2014,State-funded projects,119.01538372999998,0.14532421214817057,"State appropriation amounts, grouped by project category; all activities, incomplete 2010–14 reporting",NIH/BEA BRDPI March 2025; 2022 dollars
Gateway state by Mechanism: State-funded projects,2015,State-funded projects,129.91149015000002,0.15547210085446642,"State appropriation amounts, grouped by project category; all activities, incomplete 2010–14 reporting",NIH/BEA BRDPI March 2025; 2022 dollars
Gateway state by Mechanism: State-funded projects,2016,State-funded projects,119.09034956,0.13948546331698206,"State appropriation amounts, grouped by project category; all activities, incomplete 2010–14 reporting",NIH/BEA BRDPI March 2025; 2022 dollars
Gateway state by Mechanism: State-funded projects,2017,State-funded projects,122.25448233999994,0.1395670449617177,"State appropriation amounts, grouped by project category; all activities, incomplete 2010–14 reporting",NIH/BEA BRDPI March 2025; 2022 dollars
Gateway state by Mechanism: State-funded projects,2018,State-funded projects,124.27928838999996,0.1384258069209962,"State appropriation amounts, grouped by project category; all activities, incomplete 2010–14 reporting",NIH/BEA BRDPI March 2025; 2022 dollars
Gateway state by Mechanism: State-funded projects,2019,State-funded projects,119.78926598999996,0.13066002234246182,"State appropriation amounts, grouped by project category; all activities, incomplete 2010–14 reporting",NIH/BEA BRDPI March 2025; 2022 dollars
Gateway state by Mechanism: State-funded projects,2020,State-funded projects,109.16385596000005,0.1170233513008377,"State appropriation amounts, grouped by project category; all activities, incomplete 2010–14 reporting",NIH/BEA BRDPI March 2025; 2022 dollars
Gateway state by Mechanism: State-funded projects,2021,State-funded projects,78.78784996000002,0.08240197151779817,"State appropriation amounts, grouped by project category; all activities, incomplete 2010–14 reporting",NIH/BEA BRDPI March 2025; 2022 dollars
